source,file,original_bytes,original_compression,codec,bytes,save_s,load_s,path
mms/mms*/scm/brst/l2/schb,mms2_scm_brst_l2_schb_20210613231933_v2.2.0.cdf,10953665,gzip_compression+no_compression,no_compression,13597552,0.007374,0.003697,archive/mms/mms2/scm/brst/l2/schb/2021/06/mms2_scm_brst_l2_schb_20210613231933_v2.2.0.cdf
mms/mms*/scm/brst/l2/schb,mms2_scm_brst_l2_schb_20210613231933_v2.2.0.cdf,10953665,gzip_compression+no_compression,gzip_compression,8386909,0.113558,0.020213,archive/mms/mms2/scm/brst/l2/schb/2021/06/mms2_scm_brst_l2_schb_20210613231933_v2.2.0.cdf
mms/mms*/scm/brst/l2/schb,mms2_scm_brst_l2_schb_20210613231933_v2.2.0.cdf,10953665,gzip_compression+no_compression,zstd_compression,8860278,0.018192,0.011450,archive/mms/mms2/scm/brst/l2/schb/2021/06/mms2_scm_brst_l2_schb_20210613231933_v2.2.0.cdf
mms/mms*/scm/brst/l2/schb,mms2_scm_brst_l2_schb_20210613231933_v2.2.0.cdf,10953665,gzip_compression+no_compression,blosc2_compression,5715186,0.062064,0.006641,archive/mms/mms2/scm/brst/l2/schb/2021/06/mms2_scm_brst_l2_schb_20210613231933_v2.2.0.cdf
mms/mms*/scm/brst/l2/schb,mms2_scm_brst_l2_schb_20210613231933_v2.2.0.cdf,10953665,gzip_compression+no_compression,blosc2_transposed_estimate,5715186,,,archive/mms/mms2/scm/brst/l2/schb/2021/06/mms2_scm_brst_l2_schb_20210613231933_v2.2.0.cdf
mms/mms*/scm/brst/l2/schb,mms3_scm_brst_l2_schb_20210122203903_v2.2.0.cdf,10954496,gzip_compression+no_compression,no_compression,13597552,0.003190,0.003840,archive/mms/mms3/scm/brst/l2/schb/2021/01/mms3_scm_brst_l2_schb_20210122203903_v2.2.0.cdf
mms/mms*/scm/brst/l2/schb,mms3_scm_brst_l2_schb_20210122203903_v2.2.0.cdf,10954496,gzip_compression+no_compression,gzip_compression,8386962,0.111954,0.020261,archive/mms/mms3/scm/brst/l2/schb/2021/01/mms3_scm_brst_l2_schb_20210122203903_v2.2.0.cdf
mms/mms*/scm/brst/l2/schb,mms3_scm_brst_l2_schb_20210122203903_v2.2.0.cdf,10954496,gzip_compression+no_compression,zstd_compression,8892360,0.017843,0.012100,archive/mms/mms3/scm/brst/l2/schb/2021/01/mms3_scm_brst_l2_schb_20210122203903_v2.2.0.cdf
mms/mms*/scm/brst/l2/schb,mms3_scm_brst_l2_schb_20210122203903_v2.2.0.cdf,10954496,gzip_compression+no_compression,blosc2_compression,5718196,0.062001,0.006890,archive/mms/mms3/scm/brst/l2/schb/2021/01/mms3_scm_brst_l2_schb_20210122203903_v2.2.0.cdf
mms/mms*/scm/brst/l2/schb,mms3_scm_brst_l2_schb_20210122203903_v2.2.0.cdf,10954496,gzip_compression+no_compression,blosc2_transposed_estimate,5718196,,,archive/mms/mms3/scm/brst/l2/schb/2021/01/mms3_scm_brst_l2_schb_20210122203903_v2.2.0.cdf
mms/mms*/scm/brst/l2/scb,mms1_scm_brst_l2_scb_20161013125244_v2.2.0.cdf,21724095,gzip_compression+no_compression,no_compression,26409960,0.015836,0.007754,archive/mms/mms1/scm/brst/l2/scb/2016/10/mms1_scm_brst_l2_scb_20161013125244_v2.2.0.cdf
mms/mms*/scm/brst/l2/scb,mms1_scm_brst_l2_scb_20161013125244_v2.2.0.cdf,21724095,gzip_compression+no_compression,gzip_compression,16758238,0.242163,0.043136,archive/mms/mms1/scm/brst/l2/scb/2016/10/mms1_scm_brst_l2_scb_20161013125244_v2.2.0.cdf
mms/mms*/scm/brst/l2/scb,mms1_scm_brst_l2_scb_20161013125244_v2.2.0.cdf,21724095,gzip_compression+no_compression,zstd_compression,17409248,0.043197,0.026969,archive/mms/mms1/scm/brst/l2/scb/2016/10/mms1_scm_brst_l2_scb_20161013125244_v2.2.0.cdf
mms/mms*/scm/brst/l2/scb,mms1_scm_brst_l2_scb_20161013125244_v2.2.0.cdf,21724095,gzip_compression+no_compression,blosc2_compression,9920743,0.073693,0.013471,archive/mms/mms1/scm/brst/l2/scb/2016/10/mms1_scm_brst_l2_scb_20161013125244_v2.2.0.cdf
mms/mms*/scm/brst/l2/scb,mms1_scm_brst_l2_scb_20161013125244_v2.2.0.cdf,21724095,gzip_compression+no_compression,blosc2_transposed_estimate,9920743,,,archive/mms/mms1/scm/brst/l2/scb/2016/10/mms1_scm_brst_l2_scb_20161013125244_v2.2.0.cdf
mms/mms*/scm/brst/l2/scb,mms3_scm_brst_l2_scb_20170720095653_v2.2.1.cdf,21691109,gzip_compression+no_compression,no_compression,26409960,0.010132,0.007745,archive/mms/mms3/scm/brst/l2/scb/2017/07/mms3_scm_brst_l2_scb_20170720095653_v2.2.1.cdf
mms/mms*/scm/brst/l2/scb,mms3_scm_brst_l2_scb_20170720095653_v2.2.1.cdf,21691109,gzip_compression+no_compression,gzip_compression,16760874,0.233981,0.041891,archive/mms/mms3/scm/brst/l2/scb/2017/07/mms3_scm_brst_l2_scb_20170720095653_v2.2.1.cdf
mms/mms*/scm/brst/l2/scb,mms3_scm_brst_l2_scb_20170720095653_v2.2.1.cdf,21691109,gzip_compression+no_compression,zstd_compression,17642920,0.039027,0.025795,archive/mms/mms3/scm/brst/l2/scb/2017/07/mms3_scm_brst_l2_scb_20170720095653_v2.2.1.cdf
mms/mms*/scm/brst/l2/scb,mms3_scm_brst_l2_scb_20170720095653_v2.2.1.cdf,21691109,gzip_compression+no_compression,blosc2_compression,10673368,0.065660,0.010899,archive/mms/mms3/scm/brst/l2/scb/2017/07/mms3_scm_brst_l2_scb_20170720095653_v2.2.1.cdf
mms/mms*/scm/brst/l2/scb,mms3_scm_brst_l2_scb_20170720095653_v2.2.1.cdf,21691109,gzip_compression+no_compression,blosc2_transposed_estimate,10673368,,,archive/mms/mms3/scm/brst/l2/scb/2017/07/mms3_scm_brst_l2_scb_20170720095653_v2.2.1.cdf
mms/mms*/edi/brst/l2/amb-pm2,mms1_edi_brst_l2_amb-pm2_20180427195513_v4.1.0.cdf,13607348,gzip_compression+no_compression,no_compression,28986266,0.015144,0.002980,archive/mms/mms1/edi/brst/l2/amb-pm2/2018/04/mms1_edi_brst_l2_amb-pm2_20180427195513_v4.1.0.cdf
mms/mms*/edi/brst/l2/amb-pm2,mms1_edi_brst_l2_amb-pm2_20180427195513_v4.1.0.cdf,13607348,gzip_compression+no_compression,gzip_compression,12951328,0.246930,0.037406,archive/mms/mms1/edi/brst/l2/amb-pm2/2018/04/mms1_edi_brst_l2_amb-pm2_20180427195513_v4.1.0.cdf
mms/mms*/edi/brst/l2/amb-pm2,mms1_edi_brst_l2_amb-pm2_20180427195513_v4.1.0.cdf,13607348,gzip_compression+no_compression,zstd_compression,18568823,0.046358,0.023510,archive/mms/mms1/edi/brst/l2/amb-pm2/2018/04/mms1_edi_brst_l2_amb-pm2_20180427195513_v4.1.0.cdf
mms/mms*/edi/brst/l2/amb-pm2,mms1_edi_brst_l2_amb-pm2_20180427195513_v4.1.0.cdf,13607348,gzip_compression+no_compression,blosc2_compression,9907735,0.381560,0.021183,archive/mms/mms1/edi/brst/l2/amb-pm2/2018/04/mms1_edi_brst_l2_amb-pm2_20180427195513_v4.1.0.cdf
mms/mms*/edi/brst/l2/amb-pm2,mms1_edi_brst_l2_amb-pm2_20180427195513_v4.1.0.cdf,13607348,gzip_compression+no_compression,blosc2_transposed_estimate,9907735,,,archive/mms/mms1/edi/brst/l2/amb-pm2/2018/04/mms1_edi_brst_l2_amb-pm2_20180427195513_v4.1.0.cdf
mms/mms*/edi/brst/l2/amb-pm2,mms3_edi_brst_l2_amb-pm2_20160410125434_v4.1.0.cdf,13942784,gzip_compression+no_compression,no_compression,27115301,0.014560,0.002571,archive/mms/mms3/edi/brst/l2/amb-pm2/2016/04/mms3_edi_brst_l2_amb-pm2_20160410125434_v4.1.0.cdf
mms/mms*/edi/brst/l2/amb-pm2,mms3_edi_brst_l2_amb-pm2_20160410125434_v4.1.0.cdf,13942784,gzip_compression+no_compression,gzip_compression,13353152,0.235057,0.039844,archive/mms/mms3/edi/brst/l2/amb-pm2/2016/04/mms3_edi_brst_l2_amb-pm2_20160410125434_v4.1.0.cdf
mms/mms*/edi/brst/l2/amb-pm2,mms3_edi_brst_l2_amb-pm2_20160410125434_v4.1.0.cdf,13942784,gzip_compression+no_compression,zstd_compression,20051136,0.045100,0.021354,archive/mms/mms3/edi/brst/l2/amb-pm2/2016/04/mms3_edi_brst_l2_amb-pm2_20160410125434_v4.1.0.cdf
mms/mms*/edi/brst/l2/amb-pm2,mms3_edi_brst_l2_amb-pm2_20160410125434_v4.1.0.cdf,13942784,gzip_compression+no_compression,blosc2_compression,9295221,0.166978,0.010498,archive/mms/mms3/edi/brst/l2/amb-pm2/2016/04/mms3_edi_brst_l2_amb-pm2_20160410125434_v4.1.0.cdf
mms/mms*/edi/brst/l2/amb-pm2,mms3_edi_brst_l2_amb-pm2_20160410125434_v4.1.0.cdf,13942784,gzip_compression+no_compression,blosc2_transposed_estimate,9295221,,,archive/mms/mms3/edi/brst/l2/amb-pm2/2016/04/mms3_edi_brst_l2_amb-pm2_20160410125434_v4.1.0.cdf
mms/mms*/edp/fast/l2/dce,mms2_edp_fast_l2_dce_20231231_v3.1.1.cdf,127009647,gzip_compression+no_compression,no_compression,164925767,0.155407,0.034608,archive/mms/mms2/edp/fast/l2/dce/2023/12/mms2_edp_fast_l2_dce_20231231_v3.1.1.cdf
mms/mms*/edp/fast/l2/dce,mms2_edp_fast_l2_dce_20231231_v3.1.1.cdf,127009647,gzip_compression+no_compression,gzip_compression,119792812,1.594635,0.371554,archive/mms/mms2/edp/fast/l2/dce/2023/12/mms2_edp_fast_l2_dce_20231231_v3.1.1.cdf
mms/mms*/edp/fast/l2/dce,mms2_edp_fast_l2_dce_20231231_v3.1.1.cdf,127009647,gzip_compression+no_compression,zstd_compression,127459965,0.207873,0.162827,archive/mms/mms2/edp/fast/l2/dce/2023/12/mms2_edp_fast_l2_dce_20231231_v3.1.1.cdf
mms/mms*/edp/fast/l2/dce,mms2_edp_fast_l2_dce_20231231_v3.1.1.cdf,127009647,gzip_compression+no_compression,blosc2_compression,81594171,0.935191,0.067965,archive/mms/mms2/edp/fast/l2/dce/2023/12/mms2_edp_fast_l2_dce_20231231_v3.1.1.cdf
mms/mms*/edp/fast/l2/dce,mms2_edp_fast_l2_dce_20231231_v3.1.1.cdf,127009647,gzip_compression+no_compression,blosc2_transposed_estimate,81594171,,,archive/mms/mms2/edp/fast/l2/dce/2023/12/mms2_edp_fast_l2_dce_20231231_v3.1.1.cdf
mms/mms*/edp/fast/l2/dce,mms4_edp_fast_l2_dce_20160122_v2.1.0.cdf,116018317,gzip_compression+no_compression,no_compression,136769936,0.125465,0.021782,archive/mms/mms4/edp/fast/l2/dce/2016/01/mms4_edp_fast_l2_dce_20160122_v2.1.0.cdf
mms/mms*/edp/fast/l2/dce,mms4_edp_fast_l2_dce_20160122_v2.1.0.cdf,116018317,gzip_compression+no_compression,gzip_compression,110621182,1.341859,0.286484,archive/mms/mms4/edp/fast/l2/dce/2016/01/mms4_edp_fast_l2_dce_20160122_v2.1.0.cdf
mms/mms*/edp/fast/l2/dce,mms4_edp_fast_l2_dce_20160122_v2.1.0.cdf,116018317,gzip_compression+no_compression,zstd_compression,114660413,0.251686,0.105300,archive/mms/mms4/edp/fast/l2/dce/2016/01/mms4_edp_fast_l2_dce_20160122_v2.1.0.cdf
mms/mms*/edp/fast/l2/dce,mms4_edp_fast_l2_dce_20160122_v2.1.0.cdf,116018317,gzip_compression+no_compression,blosc2_compression,78454984,0.756233,0.080082,archive/mms/mms4/edp/fast/l2/dce/2016/01/mms4_edp_fast_l2_dce_20160122_v2.1.0.cdf
mms/mms*/edp/fast/l2/dce,mms4_edp_fast_l2_dce_20160122_v2.1.0.cdf,116018317,gzip_compression+no_compression,blosc2_transposed_estimate,78454984,,,archive/mms/mms4/edp/fast/l2/dce/2016/01/mms4_edp_fast_l2_dce_20160122_v2.1.0.cdf
mms/mms*/edp/brst/l2/hmfe,mms1_edp_brst_l2_hmfe_20210730071933_v2.0.0.cdf,53997181,gzip_compression+no_compression,no_compression,56644215,0.051398,0.007786,archive/mms/mms1/edp/brst/l2/hmfe/2021/07/mms1_edp_brst_l2_hmfe_20210730071933_v2.0.0.cdf
mms/mms*/edp/brst/l2/hmfe,mms1_edp_brst_l2_hmfe_20210730071933_v2.0.0.cdf,53997181,gzip_compression+no_compression,gzip_compression,42121055,0.533180,0.098484,archive/mms/mms1/edp/brst/l2/hmfe/2021/07/mms1_edp_brst_l2_hmfe_20210730071933_v2.0.0.cdf
mms/mms*/edp/brst/l2/hmfe,mms1_edp_brst_l2_hmfe_20210730071933_v2.0.0.cdf,53997181,gzip_compression+no_compression,zstd_compression,44124644,0.115490,0.056341,archive/mms/mms1/edp/brst/l2/hmfe/2021/07/mms1_edp_brst_l2_hmfe_20210730071933_v2.0.0.cdf
mms/mms*/edp/brst/l2/hmfe,mms1_edp_brst_l2_hmfe_20210730071933_v2.0.0.cdf,53997181,gzip_compression+no_compression,blosc2_compression,31628493,0.323523,0.031332,archive/mms/mms1/edp/brst/l2/hmfe/2021/07/mms1_edp_brst_l2_hmfe_20210730071933_v2.0.0.cdf
mms/mms*/edp/brst/l2/hmfe,mms1_edp_brst_l2_hmfe_20210730071933_v2.0.0.cdf,53997181,gzip_compression+no_compression,blosc2_transposed_estimate,31628493,,,archive/mms/mms1/edp/brst/l2/hmfe/2021/07/mms1_edp_brst_l2_hmfe_20210730071933_v2.0.0.cdf
mms/mms*/edp/brst/l2/hmfe,mms4_edp_brst_l2_hmfe_20220310055343_v2.0.0.cdf,53991143,gzip_compression+no_compression,no_compression,56644215,0.051959,0.008483,archive/mms/mms4/edp/brst/l2/hmfe/2022/03/mms4_edp_brst_l2_hmfe_20220310055343_v2.0.0.cdf
mms/mms*/edp/brst/l2/hmfe,mms4_edp_brst_l2_hmfe_20220310055343_v2.0.0.cdf,53991143,gzip_compression+no_compression,gzip_compression,42124980,0.533177,0.102424,archive/mms/mms4/edp/brst/l2/hmfe/2022/03/mms4_edp_brst_l2_hmfe_20220310055343_v2.0.0.cdf
mms/mms*/edp/brst/l2/hmfe,mms4_edp_brst_l2_hmfe_20220310055343_v2.0.0.cdf,53991143,gzip_compression+no_compression,zstd_compression,44524017,0.132786,0.058983,archive/mms/mms4/edp/brst/l2/hmfe/2022/03/mms4_edp_brst_l2_hmfe_20220310055343_v2.0.0.cdf
mms/mms*/edp/brst/l2/hmfe,mms4_edp_brst_l2_hmfe_20220310055343_v2.0.0.cdf,53991143,gzip_compression+no_compression,blosc2_compression,30472494,0.239584,0.018880,archive/mms/mms4/edp/brst/l2/hmfe/2022/03/mms4_edp_brst_l2_hmfe_20220310055343_v2.0.0.cdf
mms/mms*/edp/brst/l2/hmfe,mms4_edp_brst_l2_hmfe_20220310055343_v2.0.0.cdf,53991143,gzip_compression+no_compression,blosc2_transposed_estimate,30472494,,,archive/mms/mms4/edp/brst/l2/hmfe/2022/03/mms4_edp_brst_l2_hmfe_20220310055343_v2.0.0.cdf
mms/mms*/edp/brst/l2/dce,mms1_edp_brst_l2_dce_20211215175053_v3.0.1.cdf,41514714,gzip_compression+no_compression,no_compression,49345279,0.045893,0.004887,archive/mms/mms1/edp/brst/l2/dce/2021/12/mms1_edp_brst_l2_dce_20211215175053_v3.0.1.cdf
mms/mms*/edp/brst/l2/dce,mms1_edp_brst_l2_dce_20211215175053_v3.0.1.cdf,41514714,gzip_compression+no_compression,gzip_compression,36531093,0.450170,0.081490,archive/mms/mms1/edp/brst/l2/dce/2021/12/mms1_edp_brst_l2_dce_20211215175053_v3.0.1.cdf
mms/mms*/edp/brst/l2/dce,mms1_edp_brst_l2_dce_20211215175053_v3.0.1.cdf,41514714,gzip_compression+no_compression,zstd_compression,37351440,0.070463,0.036177,archive/mms/mms1/edp/brst/l2/dce/2021/12/mms1_edp_brst_l2_dce_20211215175053_v3.0.1.cdf
mms/mms*/edp/brst/l2/dce,mms1_edp_brst_l2_dce_20211215175053_v3.0.1.cdf,41514714,gzip_compression+no_compression,blosc2_compression,25042243,0.197005,0.019893,archive/mms/mms1/edp/brst/l2/dce/2021/12/mms1_edp_brst_l2_dce_20211215175053_v3.0.1.cdf
mms/mms*/edp/brst/l2/dce,mms1_edp_brst_l2_dce_20211215175053_v3.0.1.cdf,41514714,gzip_compression+no_compression,blosc2_transposed_estimate,25042243,,,archive/mms/mms1/edp/brst/l2/dce/2021/12/mms1_edp_brst_l2_dce_20211215175053_v3.0.1.cdf
mms/mms*/edp/brst/l2/dce,mms4_edp_brst_l2_dce_20250705212353_v3.1.0.cdf,40822873,gzip_compression+no_compression,no_compression,65963698,0.062275,0.006126,archive/mms/mms4/edp/brst/l2/dce/2025/07/mms4_edp_brst_l2_dce_20250705212353_v3.1.0.cdf
mms/mms*/edp/brst/l2/dce,mms4_edp_brst_l2_dce_20250705212353_v3.1.0.cdf,40822873,gzip_compression+no_compression,gzip_compression,32597815,0.514498,0.085578,archive/mms/mms4/edp/brst/l2/dce/2025/07/mms4_edp_brst_l2_dce_20250705212353_v3.1.0.cdf
mms/mms*/edp/brst/l2/dce,mms4_edp_brst_l2_dce_20250705212353_v3.1.0.cdf,40822873,gzip_compression+no_compression,zstd_compression,34984208,0.073060,0.037476,archive/mms/mms4/edp/brst/l2/dce/2025/07/mms4_edp_brst_l2_dce_20250705212353_v3.1.0.cdf
mms/mms*/edp/brst/l2/dce,mms4_edp_brst_l2_dce_20250705212353_v3.1.0.cdf,40822873,gzip_compression+no_compression,blosc2_compression,16087855,0.226984,0.018611,archive/mms/mms4/edp/brst/l2/dce/2025/07/mms4_edp_brst_l2_dce_20250705212353_v3.1.0.cdf
mms/mms*/edp/brst/l2/dce,mms4_edp_brst_l2_dce_20250705212353_v3.1.0.cdf,40822873,gzip_compression+no_compression,blosc2_transposed_estimate,16087855,,,archive/mms/mms4/edp/brst/l2/dce/2025/07/mms4_edp_brst_l2_dce_20250705212353_v3.1.0.cdf
mms/mms*/edp/brst/l2/scpot,mms1_edp_brst_l2_scpot_20160224222404_v2.5.0.cdf,18722441,gzip_compression+no_compression,no_compression,42298757,0.039301,0.004044,archive/mms/mms1/edp/brst/l2/scpot/2016/02/mms1_edp_brst_l2_scpot_20160224222404_v2.5.0.cdf
mms/mms*/edp/brst/l2/scpot,mms1_edp_brst_l2_scpot_20160224222404_v2.5.0.cdf,18722441,gzip_compression+no_compression,gzip_compression,14422501,0.388988,0.040275,archive/mms/mms1/edp/brst/l2/scpot/2016/02/mms1_edp_brst_l2_scpot_20160224222404_v2.5.0.cdf
mms/mms*/edp/brst/l2/scpot,mms1_edp_brst_l2_scpot_20160224222404_v2.5.0.cdf,18722441,gzip_compression+no_compression,zstd_compression,18640402,0.099305,0.036067,archive/mms/mms1/edp/brst/l2/scpot/2016/02/mms1_edp_brst_l2_scpot_20160224222404_v2.5.0.cdf
mms/mms*/edp/brst/l2/scpot,mms1_edp_brst_l2_scpot_20160224222404_v2.5.0.cdf,18722441,gzip_compression+no_compression,blosc2_compression,13856700,0.330250,0.020477,archive/mms/mms1/edp/brst/l2/scpot/2016/02/mms1_edp_brst_l2_scpot_20160224222404_v2.5.0.cdf
mms/mms*/edp/brst/l2/scpot,mms1_edp_brst_l2_scpot_20160224222404_v2.5.0.cdf,18722441,gzip_compression+no_compression,blosc2_transposed_estimate,13856700,,,archive/mms/mms1/edp/brst/l2/scpot/2016/02/mms1_edp_brst_l2_scpot_20160224222404_v2.5.0.cdf
mms/mms*/edp/brst/l2/scpot,mms4_edp_brst_l2_scpot_20241102115853_v2.9.0.cdf,18418198,gzip_compression+no_compression,no_compression,49345104,0.045687,0.008897,archive/mms/mms4/edp/brst/l2/scpot/2024/11/mms4_edp_brst_l2_scpot_20241102115853_v2.9.0.cdf
mms/mms*/edp/brst/l2/scpot,mms4_edp_brst_l2_scpot_20241102115853_v2.9.0.cdf,18418198,gzip_compression+no_compression,gzip_compression,13446744,0.423880,0.038784,archive/mms/mms4/edp/brst/l2/scpot/2024/11/mms4_edp_brst_l2_scpot_20241102115853_v2.9.0.cdf
mms/mms*/edp/brst/l2/scpot,mms4_edp_brst_l2_scpot_20241102115853_v2.9.0.cdf,18418198,gzip_compression+no_compression,zstd_compression,17393603,0.113875,0.043096,archive/mms/mms4/edp/brst/l2/scpot/2024/11/mms4_edp_brst_l2_scpot_20241102115853_v2.9.0.cdf
mms/mms*/edp/brst/l2/scpot,mms4_edp_brst_l2_scpot_20241102115853_v2.9.0.cdf,18418198,gzip_compression+no_compression,blosc2_compression,14017436,0.507933,0.030332,archive/mms/mms4/edp/brst/l2/scpot/2024/11/mms4_edp_brst_l2_scpot_20241102115853_v2.9.0.cdf
mms/mms*/edp/brst/l2/scpot,mms4_edp_brst_l2_scpot_20241102115853_v2.9.0.cdf,18418198,gzip_compression+no_compression,blosc2_transposed_estimate,14017436,,,archive/mms/mms4/edp/brst/l2/scpot/2024/11/mms4_edp_brst_l2_scpot_20241102115853_v2.9.0.cdf
mms/mms*/fsm/brst/l3/8khz,mms1_fsm_brst_l3_8khz_20200711201153_v1.1.0.cdf,39942676,gzip_compression+no_compression,no_compression,50953875,0.046152,0.004376,archive/mms/mms1/fsm/brst/l3/8khz/2020/07/mms1_fsm_brst_l3_8khz_20200711201153_v1.1.0.cdf
mms/mms*/fsm/brst/l3/8khz,mms1_fsm_brst_l3_8khz_20200711201153_v1.1.0.cdf,39942676,gzip_compression+no_compression,gzip_compression,31336439,0.417841,0.074007,archive/mms/mms1/fsm/brst/l3/8khz/2020/07/mms1_fsm_brst_l3_8khz_20200711201153_v1.1.0.cdf
mms/mms*/fsm/brst/l3/8khz,mms1_fsm_brst_l3_8khz_20200711201153_v1.1.0.cdf,39942676,gzip_compression+no_compression,zstd_compression,33578518,0.062967,0.036543,archive/mms/mms1/fsm/brst/l3/8khz/2020/07/mms1_fsm_brst_l3_8khz_20200711201153_v1.1.0.cdf
mms/mms*/fsm/brst/l3/8khz,mms1_fsm_brst_l3_8khz_20200711201153_v1.1.0.cdf,39942676,gzip_compression+no_compression,blosc2_compression,23223542,0.057315,0.016082,archive/mms/mms1/fsm/brst/l3/8khz/2020/07/mms1_fsm_brst_l3_8khz_20200711201153_v1.1.0.cdf
mms/mms*/fsm/brst/l3/8khz,mms1_fsm_brst_l3_8khz_20200711201153_v1.1.0.cdf,39942676,gzip_compression+no_compression,blosc2_transposed_estimate,23223542,,,archive/mms/mms1/fsm/brst/l3/8khz/2020/07/mms1_fsm_brst_l3_8khz_20200711201153_v1.1.0.cdf
mms/mms*/fsm/brst/l3/8khz,mms3_fsm_brst_l3_8khz_20161023163024_v1.1.1.cdf,39945722,gzip_compression+no_compression,no_compression,51025416,0.046872,0.003881,archive/mms/mms3/fsm/brst/l3/8khz/2016/10/mms3_fsm_brst_l3_8khz_20161023163024_v1.1.1.cdf
mms/mms*/fsm/brst/l3/8khz,mms3_fsm_brst_l3_8khz_20161023163024_v1.1.1.cdf,39945722,gzip_compression+no_compression,gzip_compression,31353132,0.587068,0.104630,archive/mms/mms3/fsm/brst/l3/8khz/2016/10/mms3_fsm_brst_l3_8khz_20161023163024_v1.1.1.cdf
mms/mms*/fsm/brst/l3/8khz,mms3_fsm_brst_l3_8khz_20161023163024_v1.1.1.cdf,39945722,gzip_compression+no_compression,zstd_compression,34371438,0.117306,0.046051,archive/mms/mms3/fsm/brst/l3/8khz/2016/10/mms3_fsm_brst_l3_8khz_20161023163024_v1.1.1.cdf
mms/mms*/fsm/brst/l3/8khz,mms3_fsm_brst_l3_8khz_20161023163024_v1.1.1.cdf,39945722,gzip_compression+no_compression,blosc2_compression,22634735,0.133262,0.027838,archive/mms/mms3/fsm/brst/l3/8khz/2016/10/mms3_fsm_brst_l3_8khz_20161023163024_v1.1.1.cdf
mms/mms*/fsm/brst/l3/8khz,mms3_fsm_brst_l3_8khz_20161023163024_v1.1.1.cdf,39945722,gzip_compression+no_compression,blosc2_transposed_estimate,22634735,,,archive/mms/mms3/fsm/brst/l3/8khz/2016/10/mms3_fsm_brst_l3_8khz_20161023163024_v1.1.1.cdf
mms/mms*/fpi/fast/l2/dis-dist,mms1_fpi_fast_l2_dis-dist_20180514040000_v3.3.0.cdf,88593833,gzip_compression+no_compression,no_compression,210203726,0.274804,0.035466,archive/mms/mms1/fpi/fast/l2/dis-dist/2018/05/mms1_fpi_fast_l2_dis-dist_20180514040000_v3.3.0.cdf
mms/mms*/fpi/fast/l2/dis-dist,mms1_fpi_fast_l2_dis-dist_20180514040000_v3.3.0.cdf,88593833,gzip_compression+no_compression,gzip_compression,94077067,3.005026,0.473557,archive/mms/mms1/fpi/fast/l2/dis-dist/2018/05/mms1_fpi_fast_l2_dis-dist_20180514040000_v3.3.0.cdf
mms/mms*/fpi/fast/l2/dis-dist,mms1_fpi_fast_l2_dis-dist_20180514040000_v3.3.0.cdf,88593833,gzip_compression+no_compression,zstd_compression,94302296,0.781847,0.253666,archive/mms/mms1/fpi/fast/l2/dis-dist/2018/05/mms1_fpi_fast_l2_dis-dist_20180514040000_v3.3.0.cdf
mms/mms*/fpi/fast/l2/dis-dist,mms1_fpi_fast_l2_dis-dist_20180514040000_v3.3.0.cdf,88593833,gzip_compression+no_compression,blosc2_compression,94199509,4.467645,0.241355,archive/mms/mms1/fpi/fast/l2/dis-dist/2018/05/mms1_fpi_fast_l2_dis-dist_20180514040000_v3.3.0.cdf
mms/mms*/fpi/fast/l2/dis-dist,mms1_fpi_fast_l2_dis-dist_20180514040000_v3.3.0.cdf,88593833,gzip_compression+no_compression,blosc2_transposed_estimate,90914993,,,archive/mms/mms1/fpi/fast/l2/dis-dist/2018/05/mms1_fpi_fast_l2_dis-dist_20180514040000_v3.3.0.cdf
mms/mms*/fpi/fast/l2/dis-dist,mms4_fpi_fast_l2_dis-dist_20210610060000_v3.4.0.cdf,89041925,gzip_compression+no_compression,no_compression,210410309,0.582687,0.069361,archive/mms/mms4/fpi/fast/l2/dis-dist/2021/06/mms4_fpi_fast_l2_dis-dist_20210610060000_v3.4.0.cdf
mms/mms*/fpi/fast/l2/dis-dist,mms4_fpi_fast_l2_dis-dist_20210610060000_v3.4.0.cdf,89041925,gzip_compression+no_compression,gzip_compression,94341054,3.078802,0.562023,archive/mms/mms4/fpi/fast/l2/dis-dist/2021/06/mms4_fpi_fast_l2_dis-dist_20210610060000_v3.4.0.cdf
mms/mms*/fpi/fast/l2/dis-dist,mms4_fpi_fast_l2_dis-dist_20210610060000_v3.4.0.cdf,89041925,gzip_compression+no_compression,zstd_compression,93504804,0.921995,0.340860,archive/mms/mms4/fpi/fast/l2/dis-dist/2021/06/mms4_fpi_fast_l2_dis-dist_20210610060000_v3.4.0.cdf
mms/mms*/fpi/fast/l2/dis-dist,mms4_fpi_fast_l2_dis-dist_20210610060000_v3.4.0.cdf,89041925,gzip_compression+no_compression,blosc2_compression,91413820,6.546832,0.350332,archive/mms/mms4/fpi/fast/l2/dis-dist/2021/06/mms4_fpi_fast_l2_dis-dist_20210610060000_v3.4.0.cdf
mms/mms*/fpi/fast/l2/dis-dist,mms4_fpi_fast_l2_dis-dist_20210610060000_v3.4.0.cdf,89041925,gzip_compression+no_compression,blosc2_transposed_estimate,90033712,,,archive/mms/mms4/fpi/fast/l2/dis-dist/2021/06/mms4_fpi_fast_l2_dis-dist_20210610060000_v3.4.0.cdf
mms/mms*/fpi/fast/l2/des-dist,mms2_fpi_fast_l2_des-dist_20221206100000_v3.4.1.cdf,186532125,gzip_compression+no_compression,no_compression,210410320,0.266229,0.035396,archive/mms/mms2/fpi/fast/l2/des-dist/2022/12/mms2_fpi_fast_l2_des-dist_20221206100000_v3.4.1.cdf
mms/mms*/fpi/fast/l2/des-dist,mms2_fpi_fast_l2_des-dist_20221206100000_v3.4.1.cdf,186532125,gzip_compression+no_compression,gzip_compression,195941837,3.808258,1.009569,archive/mms/mms2/fpi/fast/l2/des-dist/2022/12/mms2_fpi_fast_l2_des-dist_20221206100000_v3.4.1.cdf
mms/mms*/fpi/fast/l2/des-dist,mms2_fpi_fast_l2_des-dist_20221206100000_v3.4.1.cdf,186532125,gzip_compression+no_compression,zstd_compression,197040249,1.586507,0.340682,archive/mms/mms2/fpi/fast/l2/des-dist/2022/12/mms2_fpi_fast_l2_des-dist_20221206100000_v3.4.1.cdf
mms/mms*/fpi/fast/l2/des-dist,mms2_fpi_fast_l2_des-dist_20221206100000_v3.4.1.cdf,186532125,gzip_compression+no_compression,blosc2_compression,153444282,2.753381,0.292367,archive/mms/mms2/fpi/fast/l2/des-dist/2022/12/mms2_fpi_fast_l2_des-dist_20221206100000_v3.4.1.cdf
mms/mms*/fpi/fast/l2/des-dist,mms2_fpi_fast_l2_des-dist_20221206100000_v3.4.1.cdf,186532125,gzip_compression+no_compression,blosc2_transposed_estimate,151720749,,,archive/mms/mms2/fpi/fast/l2/des-dist/2022/12/mms2_fpi_fast_l2_des-dist_20221206100000_v3.4.1.cdf
mms/mms*/fpi/fast/l2/des-dist,mms3_fpi_fast_l2_des-dist_20220822180000_v3.4.0.cdf,147226859,gzip_compression+no_compression,no_compression,210410315,0.296650,0.035965,archive/mms/mms3/fpi/fast/l2/des-dist/2022/08/mms3_fpi_fast_l2_des-dist_20220822180000_v3.4.0.cdf
mms/mms*/fpi/fast/l2/des-dist,mms3_fpi_fast_l2_des-dist_20220822180000_v3.4.0.cdf,147226859,gzip_compression+no_compression,gzip_compression,156126616,3.640372,0.514952,archive/mms/mms3/fpi/fast/l2/des-dist/2022/08/mms3_fpi_fast_l2_des-dist_20220822180000_v3.4.0.cdf
mms/mms*/fpi/fast/l2/des-dist,mms3_fpi_fast_l2_des-dist_20220822180000_v3.4.0.cdf,147226859,gzip_compression+no_compression,zstd_compression,155619997,1.281457,0.343769,archive/mms/mms3/fpi/fast/l2/des-dist/2022/08/mms3_fpi_fast_l2_des-dist_20220822180000_v3.4.0.cdf
mms/mms*/fpi/fast/l2/des-dist,mms3_fpi_fast_l2_des-dist_20220822180000_v3.4.0.cdf,147226859,gzip_compression+no_compression,blosc2_compression,141324905,5.581220,0.483498,archive/mms/mms3/fpi/fast/l2/des-dist/2022/08/mms3_fpi_fast_l2_des-dist_20220822180000_v3.4.0.cdf
mms/mms*/fpi/fast/l2/des-dist,mms3_fpi_fast_l2_des-dist_20220822180000_v3.4.0.cdf,147226859,gzip_compression+no_compression,blosc2_transposed_estimate,139587304,,,archive/mms/mms3/fpi/fast/l2/des-dist/2022/08/mms3_fpi_fast_l2_des-dist_20220822180000_v3.4.0.cdf
mms/mms*/fpi/fast/l2/des-distaux,mms2_fpi_fast_l2_des-distaux_20220402160000_v3.4.0.cdf,97886899,gzip_compression+no_compression,no_compression,105330532,0.142094,0.016952,archive/mms/mms2/fpi/fast/l2/des-distaux/2022/04/mms2_fpi_fast_l2_des-distaux_20220402160000_v3.4.0.cdf
mms/mms*/fpi/fast/l2/des-distaux,mms2_fpi_fast_l2_des-distaux_20220402160000_v3.4.0.cdf,97886899,gzip_compression+no_compression,gzip_compression,101239963,1.877592,0.341916,archive/mms/mms2/fpi/fast/l2/des-distaux/2022/04/mms2_fpi_fast_l2_des-distaux_20220402160000_v3.4.0.cdf
mms/mms*/fpi/fast/l2/des-distaux,mms2_fpi_fast_l2_des-distaux_20220402160000_v3.4.0.cdf,97886899,gzip_compression+no_compression,zstd_compression,101187295,0.462383,0.190040,archive/mms/mms2/fpi/fast/l2/des-distaux/2022/04/mms2_fpi_fast_l2_des-distaux_20220402160000_v3.4.0.cdf
mms/mms*/fpi/fast/l2/des-distaux,mms2_fpi_fast_l2_des-distaux_20220402160000_v3.4.0.cdf,97886899,gzip_compression+no_compression,blosc2_compression,68595726,1.200145,0.118999,archive/mms/mms2/fpi/fast/l2/des-distaux/2022/04/mms2_fpi_fast_l2_des-distaux_20220402160000_v3.4.0.cdf
mms/mms*/fpi/fast/l2/des-distaux,mms2_fpi_fast_l2_des-distaux_20220402160000_v3.4.0.cdf,97886899,gzip_compression+no_compression,blosc2_transposed_estimate,29264234,,,archive/mms/mms2/fpi/fast/l2/des-distaux/2022/04/mms2_fpi_fast_l2_des-distaux_20220402160000_v3.4.0.cdf
mms/mms*/fpi/fast/l2/des-distaux,mms3_fpi_fast_l2_des-distaux_20240406060000_v3.4.0.cdf,97888310,gzip_compression+no_compression,no_compression,105330533,0.190247,0.018458,archive/mms/mms3/fpi/fast/l2/des-distaux/2024/04/mms3_fpi_fast_l2_des-distaux_20240406060000_v3.4.0.cdf
mms/mms*/fpi/fast/l2/des-distaux,mms3_fpi_fast_l2_des-distaux_20240406060000_v3.4.0.cdf,97888310,gzip_compression+no_compression,gzip_compression,101239890,1.885715,0.277237,archive/mms/mms3/fpi/fast/l2/des-distaux/2024/04/mms3_fpi_fast_l2_des-distaux_20240406060000_v3.4.0.cdf
mms/mms*/fpi/fast/l2/des-distaux,mms3_fpi_fast_l2_des-distaux_20240406060000_v3.4.0.cdf,97888310,gzip_compression+no_compression,zstd_compression,101187280,0.715374,0.338320,archive/mms/mms3/fpi/fast/l2/des-distaux/2024/04/mms3_fpi_fast_l2_des-distaux_20240406060000_v3.4.0.cdf
mms/mms*/fpi/fast/l2/des-distaux,mms3_fpi_fast_l2_des-distaux_20240406060000_v3.4.0.cdf,97888310,gzip_compression+no_compression,blosc2_compression,68597343,1.147997,0.120112,archive/mms/mms3/fpi/fast/l2/des-distaux/2024/04/mms3_fpi_fast_l2_des-distaux_20240406060000_v3.4.0.cdf
mms/mms*/fpi/fast/l2/des-distaux,mms3_fpi_fast_l2_des-distaux_20240406060000_v3.4.0.cdf,97888310,gzip_compression+no_compression,blosc2_transposed_estimate,49312854,,,archive/mms/mms3/fpi/fast/l2/des-distaux/2024/04/mms3_fpi_fast_l2_des-distaux_20240406060000_v3.4.0.cdf
mms/mms*/fpi/brst/l2/des-distaux,mms2_fpi_brst_l2_des-distaux_20250602211423_v3.4.0.cdf,285879646,gzip_compression+no_compression,no_compression,307682873,0.384533,0.053397,archive/mms/mms2/fpi/brst/l2/des-distaux/2025/06/mms2_fpi_brst_l2_des-distaux_20250602211423_v3.4.0.cdf
mms/mms*/fpi/brst/l2/des-distaux,mms2_fpi_brst_l2_des-distaux_20250602211423_v3.4.0.cdf,285879646,gzip_compression+no_compression,gzip_compression,295366730,6.773992,1.425096,archive/mms/mms2/fpi/brst/l2/des-distaux/2025/06/mms2_fpi_brst_l2_des-distaux_20250602211423_v3.4.0.cdf
mms/mms*/fpi/brst/l2/des-distaux,mms2_fpi_brst_l2_des-distaux_20250602211423_v3.4.0.cdf,285879646,gzip_compression+no_compression,zstd_compression,162325865,0.943518,0.313044,archive/mms/mms2/fpi/brst/l2/des-distaux/2025/06/mms2_fpi_brst_l2_des-distaux_20250602211423_v3.4.0.cdf
mms/mms*/fpi/brst/l2/des-distaux,mms2_fpi_brst_l2_des-distaux_20250602211423_v3.4.0.cdf,285879646,gzip_compression+no_compression,blosc2_compression,136731950,3.061889,0.339391,archive/mms/mms2/fpi/brst/l2/des-distaux/2025/06/mms2_fpi_brst_l2_des-distaux_20250602211423_v3.4.0.cdf
mms/mms*/fpi/brst/l2/des-distaux,mms2_fpi_brst_l2_des-distaux_20250602211423_v3.4.0.cdf,285879646,gzip_compression+no_compression,blosc2_transposed_estimate,64462857,,,archive/mms/mms2/fpi/brst/l2/des-distaux/2025/06/mms2_fpi_brst_l2_des-distaux_20250602211423_v3.4.0.cdf
mms/mms*/fpi/brst/l2/des-distaux,mms4_fpi_brst_l2_des-distaux_20200428104553_v3.4.0.cdf,285892139,gzip_compression+no_compression,no_compression,307748808,0.524272,0.061681,archive/mms/mms4/fpi/brst/l2/des-distaux/2020/04/mms4_fpi_brst_l2_des-distaux_20200428104553_v3.4.0.cdf
mms/mms*/fpi/brst/l2/des-distaux,mms4_fpi_brst_l2_des-distaux_20200428104553_v3.4.0.cdf,285892139,gzip_compression+no_compression,gzip_compression,295444852,6.683612,0.964038,archive/mms/mms4/fpi/brst/l2/des-distaux/2020/04/mms4_fpi_brst_l2_des-distaux_20200428104553_v3.4.0.cdf
mms/mms*/fpi/brst/l2/des-distaux,mms4_fpi_brst_l2_des-distaux_20200428104553_v3.4.0.cdf,285892139,gzip_compression+no_compression,zstd_compression,162425942,0.870874,0.426449,archive/mms/mms4/fpi/brst/l2/des-distaux/2020/04/mms4_fpi_brst_l2_des-distaux_20200428104553_v3.4.0.cdf
mms/mms*/fpi/brst/l2/des-distaux,mms4_fpi_brst_l2_des-distaux_20200428104553_v3.4.0.cdf,285892139,gzip_compression+no_compression,blosc2_compression,136803187,3.169352,0.571921,archive/mms/mms4/fpi/brst/l2/des-distaux/2020/04/mms4_fpi_brst_l2_des-distaux_20200428104553_v3.4.0.cdf
mms/mms*/fpi/brst/l2/des-distaux,mms4_fpi_brst_l2_des-distaux_20200428104553_v3.4.0.cdf,285892139,gzip_compression+no_compression,blosc2_transposed_estimate,66798087,,,archive/mms/mms4/fpi/brst/l2/des-distaux/2020/04/mms4_fpi_brst_l2_des-distaux_20200428104553_v3.4.0.cdf
mms/mms*/fpi/brst/l2/dis-momsaux,mms1_fpi_brst_l2_dis-momsaux_20221023152223_v3.4.0.cdf,5940701,gzip_compression+no_compression,no_compression,8764401,0.003289,0.001596,archive/mms/mms1/fpi/brst/l2/dis-momsaux/2022/10/mms1_fpi_brst_l2_dis-momsaux_20221023152223_v3.4.0.cdf
mms/mms*/fpi/brst/l2/dis-momsaux,mms1_fpi_brst_l2_dis-momsaux_20221023152223_v3.4.0.cdf,5940701,gzip_compression+no_compression,gzip_compression,5982850,0.071574,0.013964,archive/mms/mms1/fpi/brst/l2/dis-momsaux/2022/10/mms1_fpi_brst_l2_dis-momsaux_20221023152223_v3.4.0.cdf
mms/mms*/fpi/brst/l2/dis-momsaux,mms1_fpi_brst_l2_dis-momsaux_20221023152223_v3.4.0.cdf,5940701,gzip_compression+no_compression,zstd_compression,7272318,0.016507,0.007146,archive/mms/mms1/fpi/brst/l2/dis-momsaux/2022/10/mms1_fpi_brst_l2_dis-momsaux_20221023152223_v3.4.0.cdf
mms/mms*/fpi/brst/l2/dis-momsaux,mms1_fpi_brst_l2_dis-momsaux_20221023152223_v3.4.0.cdf,5940701,gzip_compression+no_compression,blosc2_compression,6216618,0.098091,0.004332,archive/mms/mms1/fpi/brst/l2/dis-momsaux/2022/10/mms1_fpi_brst_l2_dis-momsaux_20221023152223_v3.4.0.cdf
mms/mms*/fpi/brst/l2/dis-momsaux,mms1_fpi_brst_l2_dis-momsaux_20221023152223_v3.4.0.cdf,5940701,gzip_compression+no_compression,blosc2_transposed_estimate,4912934,,,archive/mms/mms1/fpi/brst/l2/dis-momsaux/2022/10/mms1_fpi_brst_l2_dis-momsaux_20221023152223_v3.4.0.cdf
mms/mms*/fpi/brst/l2/dis-momsaux,mms3_fpi_brst_l2_dis-momsaux_20200830022153_v3.4.0.cdf,5943627,gzip_compression+no_compression,no_compression,8773691,0.003054,0.001418,archive/mms/mms3/fpi/brst/l2/dis-momsaux/2020/08/mms3_fpi_brst_l2_dis-momsaux_20200830022153_v3.4.0.cdf
mms/mms*/fpi/brst/l2/dis-momsaux,mms3_fpi_brst_l2_dis-momsaux_20200830022153_v3.4.0.cdf,5943627,gzip_compression+no_compression,gzip_compression,5983945,0.069219,0.013426,archive/mms/mms3/fpi/brst/l2/dis-momsaux/2020/08/mms3_fpi_brst_l2_dis-momsaux_20200830022153_v3.4.0.cdf
mms/mms*/fpi/brst/l2/dis-momsaux,mms3_fpi_brst_l2_dis-momsaux_20200830022153_v3.4.0.cdf,5943627,gzip_compression+no_compression,zstd_compression,7266180,0.015887,0.006876,archive/mms/mms3/fpi/brst/l2/dis-momsaux/2020/08/mms3_fpi_brst_l2_dis-momsaux_20200830022153_v3.4.0.cdf
mms/mms*/fpi/brst/l2/dis-momsaux,mms3_fpi_brst_l2_dis-momsaux_20200830022153_v3.4.0.cdf,5943627,gzip_compression+no_compression,blosc2_compression,6208159,0.093425,0.004161,archive/mms/mms3/fpi/brst/l2/dis-momsaux/2020/08/mms3_fpi_brst_l2_dis-momsaux_20200830022153_v3.4.0.cdf
mms/mms*/fpi/brst/l2/dis-momsaux,mms3_fpi_brst_l2_dis-momsaux_20200830022153_v3.4.0.cdf,5943627,gzip_compression+no_compression,blosc2_transposed_estimate,4889277,,,archive/mms/mms3/fpi/brst/l2/dis-momsaux/2020/08/mms3_fpi_brst_l2_dis-momsaux_20200830022153_v3.4.0.cdf
mms/mms*/fpi/brst/l2/des-moms,mms1_fpi_brst_l2_des-moms_20210302205453_v3.4.0.cdf,8073578,gzip_compression+no_compression,no_compression,9123210,0.002137,0.001099,archive/mms/mms1/fpi/brst/l2/des-moms/2021/03/mms1_fpi_brst_l2_des-moms_20210302205453_v3.4.0.cdf
mms/mms*/fpi/brst/l2/des-moms,mms1_fpi_brst_l2_des-moms_20210302205453_v3.4.0.cdf,8073578,gzip_compression+no_compression,gzip_compression,7049006,0.073063,0.015146,archive/mms/mms1/fpi/brst/l2/des-moms/2021/03/mms1_fpi_brst_l2_des-moms_20210302205453_v3.4.0.cdf
mms/mms*/fpi/brst/l2/des-moms,mms1_fpi_brst_l2_des-moms_20210302205453_v3.4.0.cdf,8073578,gzip_compression+no_compression,zstd_compression,7272219,0.010291,0.006448,archive/mms/mms1/fpi/brst/l2/des-moms/2021/03/mms1_fpi_brst_l2_des-moms_20210302205453_v3.4.0.cdf
mms/mms*/fpi/brst/l2/des-moms,mms1_fpi_brst_l2_des-moms_20210302205453_v3.4.0.cdf,8073578,gzip_compression+no_compression,blosc2_compression,6040176,0.052797,0.003111,archive/mms/mms1/fpi/brst/l2/des-moms/2021/03/mms1_fpi_brst_l2_des-moms_20210302205453_v3.4.0.cdf
mms/mms*/fpi/brst/l2/des-moms,mms1_fpi_brst_l2_des-moms_20210302205453_v3.4.0.cdf,8073578,gzip_compression+no_compression,blosc2_transposed_estimate,6034113,,,archive/mms/mms1/fpi/brst/l2/des-moms/2021/03/mms1_fpi_brst_l2_des-moms_20210302205453_v3.4.0.cdf
mms/mms*/fpi/brst/l2/des-moms,mms4_fpi_brst_l2_des-moms_20170806204643_v3.3.0.cdf,8136161,gzip_compression+no_compression,no_compression,9870379,0.002404,0.001300,archive/mms/mms4/fpi/brst/l2/des-moms/2017/08/mms4_fpi_brst_l2_des-moms_20170806204643_v3.3.0.cdf
mms/mms*/fpi/brst/l2/des-moms,mms4_fpi_brst_l2_des-moms_20170806204643_v3.3.0.cdf,8136161,gzip_compression+no_compression,gzip_compression,7003926,0.079133,0.014796,archive/mms/mms4/fpi/brst/l2/des-moms/2017/08/mms4_fpi_brst_l2_des-moms_20170806204643_v3.3.0.cdf
mms/mms*/fpi/brst/l2/des-moms,mms4_fpi_brst_l2_des-moms_20170806204643_v3.3.0.cdf,8136161,gzip_compression+no_compression,zstd_compression,7252739,0.016869,0.007040,archive/mms/mms4/fpi/brst/l2/des-moms/2017/08/mms4_fpi_brst_l2_des-moms_20170806204643_v3.3.0.cdf
mms/mms*/fpi/brst/l2/des-moms,mms4_fpi_brst_l2_des-moms_20170806204643_v3.3.0.cdf,8136161,gzip_compression+no_compression,blosc2_compression,6340085,0.092495,0.005047,archive/mms/mms4/fpi/brst/l2/des-moms/2017/08/mms4_fpi_brst_l2_des-moms_20170806204643_v3.3.0.cdf
mms/mms*/fpi/brst/l2/des-moms,mms4_fpi_brst_l2_des-moms_20170806204643_v3.3.0.cdf,8136161,gzip_compression+no_compression,blosc2_transposed_estimate,6333200,,,archive/mms/mms4/fpi/brst/l2/des-moms/2017/08/mms4_fpi_brst_l2_des-moms_20170806204643_v3.3.0.cdf
mms/mms*/fpi/brst/l2/des-dist,mms1_fpi_brst_l2_des-dist_20170831110653_v3.3.0.cdf,245951590,gzip_compression+no_compression,no_compression,569742979,0.631860,0.074655,archive/mms/mms1/fpi/brst/l2/des-dist/2017/08/mms1_fpi_brst_l2_des-dist_20170831110653_v3.3.0.cdf
mms/mms*/fpi/brst/l2/des-dist,mms1_fpi_brst_l2_des-dist_20170831110653_v3.3.0.cdf,245951590,gzip_compression+no_compression,gzip_compression,254511845,3.979281,0.804761,archive/mms/mms1/fpi/brst/l2/des-dist/2017/08/mms1_fpi_brst_l2_des-dist_20170831110653_v3.3.0.cdf
mms/mms*/fpi/brst/l2/des-dist,mms1_fpi_brst_l2_des-dist_20170831110653_v3.3.0.cdf,245951590,gzip_compression+no_compression,zstd_compression,239965242,1.342224,0.503585,archive/mms/mms1/fpi/brst/l2/des-dist/2017/08/mms1_fpi_brst_l2_des-dist_20170831110653_v3.3.0.cdf
mms/mms*/fpi/brst/l2/des-dist,mms1_fpi_brst_l2_des-dist_20170831110653_v3.3.0.cdf,245951590,gzip_compression+no_compression,blosc2_compression,248975531,9.474148,0.615326,archive/mms/mms1/fpi/brst/l2/des-dist/2017/08/mms1_fpi_brst_l2_des-dist_20170831110653_v3.3.0.cdf
mms/mms*/fpi/brst/l2/des-dist,mms1_fpi_brst_l2_des-dist_20170831110653_v3.3.0.cdf,245951590,gzip_compression+no_compression,blosc2_transposed_estimate,216381570,,,archive/mms/mms1/fpi/brst/l2/des-dist/2017/08/mms1_fpi_brst_l2_des-dist_20170831110653_v3.3.0.cdf
mms/mms*/fpi/brst/l2/des-dist,mms3_fpi_brst_l2_des-dist_20181207183233_v3.4.0.cdf,197058227,gzip_compression+no_compression,no_compression,525635432,0.473714,0.063612,archive/mms/mms3/fpi/brst/l2/des-dist/2018/12/mms3_fpi_brst_l2_des-dist_20181207183233_v3.4.0.cdf
mms/mms*/fpi/brst/l2/des-dist,mms3_fpi_brst_l2_des-dist_20181207183233_v3.4.0.cdf,197058227,gzip_compression+no_compression,gzip_compression,202758520,3.481670,0.548742,archive/mms/mms3/fpi/brst/l2/des-dist/2018/12/mms3_fpi_brst_l2_des-dist_20181207183233_v3.4.0.cdf
mms/mms*/fpi/brst/l2/des-dist,mms3_fpi_brst_l2_des-dist_20181207183233_v3.4.0.cdf,197058227,gzip_compression+no_compression,zstd_compression,195495101,1.116561,0.388798,archive/mms/mms3/fpi/brst/l2/des-dist/2018/12/mms3_fpi_brst_l2_des-dist_20181207183233_v3.4.0.cdf
mms/mms*/fpi/brst/l2/des-dist,mms3_fpi_brst_l2_des-dist_20181207183233_v3.4.0.cdf,197058227,gzip_compression+no_compression,blosc2_compression,198906606,7.112636,0.494615,archive/mms/mms3/fpi/brst/l2/des-dist/2018/12/mms3_fpi_brst_l2_des-dist_20181207183233_v3.4.0.cdf
mms/mms*/fpi/brst/l2/des-dist,mms3_fpi_brst_l2_des-dist_20181207183233_v3.4.0.cdf,197058227,gzip_compression+no_compression,blosc2_transposed_estimate,172749464,,,archive/mms/mms3/fpi/brst/l2/des-dist/2018/12/mms3_fpi_brst_l2_des-dist_20181207183233_v3.4.0.cdf
mms/mms*/fpi/brst/l2/dis-dist,mms2_fpi_brst_l2_dis-dist_20241204153413_v3.4.0.cdf,14098262,gzip_compression+no_compression,no_compression,197198511,0.186610,0.023191,archive/mms/mms2/fpi/brst/l2/dis-dist/2024/12/mms2_fpi_brst_l2_dis-dist_20241204153413_v3.4.0.cdf
mms/mms*/fpi/brst/l2/dis-dist,mms2_fpi_brst_l2_dis-dist_20241204153413_v3.4.0.cdf,14098262,gzip_compression+no_compression,gzip_compression,13566673,0.500238,0.058128,archive/mms/mms2/fpi/brst/l2/dis-dist/2024/12/mms2_fpi_brst_l2_dis-dist_20241204153413_v3.4.0.cdf
mms/mms*/fpi/brst/l2/dis-dist,mms2_fpi_brst_l2_dis-dist_20241204153413_v3.4.0.cdf,14098262,gzip_compression+no_compression,zstd_compression,11019401,0.115560,0.058648,archive/mms/mms2/fpi/brst/l2/dis-dist/2024/12/mms2_fpi_brst_l2_dis-dist_20241204153413_v3.4.0.cdf
mms/mms*/fpi/brst/l2/dis-dist,mms2_fpi_brst_l2_dis-dist_20241204153413_v3.4.0.cdf,14098262,gzip_compression+no_compression,blosc2_compression,17596080,1.613280,0.094403,archive/mms/mms2/fpi/brst/l2/dis-dist/2024/12/mms2_fpi_brst_l2_dis-dist_20241204153413_v3.4.0.cdf
mms/mms*/fpi/brst/l2/dis-dist,mms2_fpi_brst_l2_dis-dist_20241204153413_v3.4.0.cdf,14098262,gzip_compression+no_compression,blosc2_transposed_estimate,15595432,,,archive/mms/mms2/fpi/brst/l2/dis-dist/2024/12/mms2_fpi_brst_l2_dis-dist_20241204153413_v3.4.0.cdf
mms/mms*/fpi/brst/l2/dis-dist,mms4_fpi_brst_l2_dis-dist_20200303221823_v3.4.0.cdf,14405144,gzip_compression+no_compression,no_compression,92122361,0.084425,0.013516,archive/mms/mms4/fpi/brst/l2/dis-dist/2020/03/mms4_fpi_brst_l2_dis-dist_20200303221823_v3.4.0.cdf
mms/mms*/fpi/brst/l2/dis-dist,mms4_fpi_brst_l2_dis-dist_20200303221823_v3.4.0.cdf,14405144,gzip_compression+no_compression,gzip_compression,14437736,0.336793,0.042148,archive/mms/mms4/fpi/brst/l2/dis-dist/2020/03/mms4_fpi_brst_l2_dis-dist_20200303221823_v3.4.0.cdf
mms/mms*/fpi/brst/l2/dis-dist,mms4_fpi_brst_l2_dis-dist_20200303221823_v3.4.0.cdf,14405144,gzip_compression+no_compression,zstd_compression,12654937,0.082794,0.037353,archive/mms/mms4/fpi/brst/l2/dis-dist/2020/03/mms4_fpi_brst_l2_dis-dist_20200303221823_v3.4.0.cdf
mms/mms*/fpi/brst/l2/dis-dist,mms4_fpi_brst_l2_dis-dist_20200303221823_v3.4.0.cdf,14405144,gzip_compression+no_compression,blosc2_compression,16539147,1.011371,0.056456,archive/mms/mms4/fpi/brst/l2/dis-dist/2020/03/mms4_fpi_brst_l2_dis-dist_20200303221823_v3.4.0.cdf
mms/mms*/fpi/brst/l2/dis-dist,mms4_fpi_brst_l2_dis-dist_20200303221823_v3.4.0.cdf,14405144,gzip_compression+no_compression,blosc2_transposed_estimate,15272002,,,archive/mms/mms4/fpi/brst/l2/dis-dist/2020/03/mms4_fpi_brst_l2_dis-dist_20200303221823_v3.4.0.cdf
mms/mms*/fpi/brst/l2/des-momsaux,mms2_fpi_brst_l2_des-momsaux_20170208231413_v3.4.0.cdf,30737243,gzip_compression+no_compression,no_compression,46715794,0.051097,0.010827,archive/mms/mms2/fpi/brst/l2/des-momsaux/2017/02/mms2_fpi_brst_l2_des-momsaux_20170208231413_v3.4.0.cdf
mms/mms*/fpi/brst/l2/des-momsaux,mms2_fpi_brst_l2_des-momsaux_20170208231413_v3.4.0.cdf,30737243,gzip_compression+no_compression,gzip_compression,30768821,0.350714,0.063938,archive/mms/mms2/fpi/brst/l2/des-momsaux/2017/02/mms2_fpi_brst_l2_des-momsaux_20170208231413_v3.4.0.cdf
mms/mms*/fpi/brst/l2/des-momsaux,mms2_fpi_brst_l2_des-momsaux_20170208231413_v3.4.0.cdf,30737243,gzip_compression+no_compression,zstd_compression,36939058,0.103055,0.031170,archive/mms/mms2/fpi/brst/l2/des-momsaux/2017/02/mms2_fpi_brst_l2_des-momsaux_20170208231413_v3.4.0.cdf
mms/mms*/fpi/brst/l2/des-momsaux,mms2_fpi_brst_l2_des-momsaux_20170208231413_v3.4.0.cdf,30737243,gzip_compression+no_compression,blosc2_compression,31550573,0.496890,0.020113,archive/mms/mms2/fpi/brst/l2/des-momsaux/2017/02/mms2_fpi_brst_l2_des-momsaux_20170208231413_v3.4.0.cdf
mms/mms*/fpi/brst/l2/des-momsaux,mms2_fpi_brst_l2_des-momsaux_20170208231413_v3.4.0.cdf,30737243,gzip_compression+no_compression,blosc2_transposed_estimate,27029241,,,archive/mms/mms2/fpi/brst/l2/des-momsaux/2017/02/mms2_fpi_brst_l2_des-momsaux_20170208231413_v3.4.0.cdf
mms/mms*/fpi/brst/l2/des-momsaux,mms4_fpi_brst_l2_des-momsaux_20180315034813_v3.4.0.cdf,30686315,gzip_compression+no_compression,no_compression,46735765,0.014064,0.008841,archive/mms/mms4/fpi/brst/l2/des-momsaux/2018/03/mms4_fpi_brst_l2_des-momsaux_20180315034813_v3.4.0.cdf
mms/mms*/fpi/brst/l2/des-momsaux,mms4_fpi_brst_l2_des-momsaux_20180315034813_v3.4.0.cdf,30686315,gzip_compression+no_compression,gzip_compression,30734994,0.337347,0.063569,archive/mms/mms4/fpi/brst/l2/des-momsaux/2018/03/mms4_fpi_brst_l2_des-momsaux_20180315034813_v3.4.0.cdf
mms/mms*/fpi/brst/l2/des-momsaux,mms4_fpi_brst_l2_des-momsaux_20180315034813_v3.4.0.cdf,30686315,gzip_compression+no_compression,zstd_compression,36884789,0.102760,0.031232,archive/mms/mms4/fpi/brst/l2/des-momsaux/2018/03/mms4_fpi_brst_l2_des-momsaux_20180315034813_v3.4.0.cdf
mms/mms*/fpi/brst/l2/des-momsaux,mms4_fpi_brst_l2_des-momsaux_20180315034813_v3.4.0.cdf,30686315,gzip_compression+no_compression,blosc2_compression,31435790,0.486048,0.019881,archive/mms/mms4/fpi/brst/l2/des-momsaux/2018/03/mms4_fpi_brst_l2_des-momsaux_20180315034813_v3.4.0.cdf
mms/mms*/fpi/brst/l2/des-momsaux,mms4_fpi_brst_l2_des-momsaux_20180315034813_v3.4.0.cdf,30686315,gzip_compression+no_compression,blosc2_transposed_estimate,27762147,,,archive/mms/mms4/fpi/brst/l2/des-momsaux/2018/03/mms4_fpi_brst_l2_des-momsaux_20180315034813_v3.4.0.cdf
mms/mms*/fpi/brst/l2/des-partmoms,mms1_fpi_brst_l2_des-partmoms_20210402195603_v3.3.0.cdf,17066746,gzip_compression+no_compression,no_compression,26468605,0.004196,0.002843,archive/mms/mms1/fpi/brst/l2/des-partmoms/2021/04/mms1_fpi_brst_l2_des-partmoms_20210402195603_v3.3.0.cdf
mms/mms*/fpi/brst/l2/des-partmoms,mms1_fpi_brst_l2_des-partmoms_20210402195603_v3.3.0.cdf,17066746,gzip_compression+no_compression,gzip_compression,16861316,0.187640,0.034569,archive/mms/mms1/fpi/brst/l2/des-partmoms/2021/04/mms1_fpi_brst_l2_des-partmoms_20210402195603_v3.3.0.cdf
mms/mms*/fpi/brst/l2/des-partmoms,mms1_fpi_brst_l2_des-partmoms_20210402195603_v3.3.0.cdf,17066746,gzip_compression+no_compression,zstd_compression,21190879,0.040017,0.016552,archive/mms/mms1/fpi/brst/l2/des-partmoms/2021/04/mms1_fpi_brst_l2_des-partmoms_20210402195603_v3.3.0.cdf
mms/mms*/fpi/brst/l2/des-partmoms,mms1_fpi_brst_l2_des-partmoms_20210402195603_v3.3.0.cdf,17066746,gzip_compression+no_compression,blosc2_compression,18116934,0.273536,0.010630,archive/mms/mms1/fpi/brst/l2/des-partmoms/2021/04/mms1_fpi_brst_l2_des-partmoms_20210402195603_v3.3.0.cdf
mms/mms*/fpi/brst/l2/des-partmoms,mms1_fpi_brst_l2_des-partmoms_20210402195603_v3.3.0.cdf,17066746,gzip_compression+no_compression,blosc2_transposed_estimate,15163429,,,archive/mms/mms1/fpi/brst/l2/des-partmoms/2021/04/mms1_fpi_brst_l2_des-partmoms_20210402195603_v3.3.0.cdf
mms/mms*/fpi/brst/l2/des-partmoms,mms3_fpi_brst_l2_des-partmoms_20190728190603_v3.3.0.cdf,17350134,gzip_compression+no_compression,no_compression,28497903,0.004300,0.002697,archive/mms/mms3/fpi/brst/l2/des-partmoms/2019/07/mms3_fpi_brst_l2_des-partmoms_20190728190603_v3.3.0.cdf
mms/mms*/fpi/brst/l2/des-partmoms,mms3_fpi_brst_l2_des-partmoms_20190728190603_v3.3.0.cdf,17350134,gzip_compression+no_compression,gzip_compression,16934416,0.196653,0.035588,archive/mms/mms3/fpi/brst/l2/des-partmoms/2019/07/mms3_fpi_brst_l2_des-partmoms_20190728190603_v3.3.0.cdf
mms/mms*/fpi/brst/l2/des-partmoms,mms3_fpi_brst_l2_des-partmoms_20190728190603_v3.3.0.cdf,17350134,gzip_compression+no_compression,zstd_compression,21231912,0.041778,0.017561,archive/mms/mms3/fpi/brst/l2/des-partmoms/2019/07/mms3_fpi_brst_l2_des-partmoms_20190728190603_v3.3.0.cdf
mms/mms*/fpi/brst/l2/des-partmoms,mms3_fpi_brst_l2_des-partmoms_20190728190603_v3.3.0.cdf,17350134,gzip_compression+no_compression,blosc2_compression,18138785,0.271718,0.011507,archive/mms/mms3/fpi/brst/l2/des-partmoms/2019/07/mms3_fpi_brst_l2_des-partmoms_20190728190603_v3.3.0.cdf
mms/mms*/fpi/brst/l2/des-partmoms,mms3_fpi_brst_l2_des-partmoms_20190728190603_v3.3.0.cdf,17350134,gzip_compression+no_compression,blosc2_transposed_estimate,15507518,,,archive/mms/mms3/fpi/brst/l2/des-partmoms/2019/07/mms3_fpi_brst_l2_des-partmoms_20190728190603_v3.3.0.cdf
mms/mms*/hpca/srvy/l2/ion,mms1_hpca_srvy_l2_ion_20170202192900_v4.1.0.cdf,80701101,gzip_compression+no_compression,no_compression,971746097,1.007214,0.135456,archive/mms/mms1/hpca/srvy/l2/ion/2017/02/mms1_hpca_srvy_l2_ion_20170202192900_v4.1.0.cdf
mms/mms*/hpca/srvy/l2/ion,mms1_hpca_srvy_l2_ion_20170202192900_v4.1.0.cdf,80701101,gzip_compression+no_compression,gzip_compression,66980208,2.222302,0.278723,archive/mms/mms1/hpca/srvy/l2/ion/2017/02/mms1_hpca_srvy_l2_ion_20170202192900_v4.1.0.cdf
mms/mms*/hpca/srvy/l2/ion,mms1_hpca_srvy_l2_ion_20170202192900_v4.1.0.cdf,80701101,gzip_compression+no_compression,zstd_compression,54798413,0.324055,0.179822,archive/mms/mms1/hpca/srvy/l2/ion/2017/02/mms1_hpca_srvy_l2_ion_20170202192900_v4.1.0.cdf
mms/mms*/hpca/srvy/l2/ion,mms1_hpca_srvy_l2_ion_20170202192900_v4.1.0.cdf,80701101,gzip_compression+no_compression,blosc2_compression,57184031,2.878971,0.260677,archive/mms/mms1/hpca/srvy/l2/ion/2017/02/mms1_hpca_srvy_l2_ion_20170202192900_v4.1.0.cdf
mms/mms*/hpca/srvy/l2/ion,mms1_hpca_srvy_l2_ion_20170202192900_v4.1.0.cdf,80701101,gzip_compression+no_compression,blosc2_transposed_estimate,57094019,,,archive/mms/mms1/hpca/srvy/l2/ion/2017/02/mms1_hpca_srvy_l2_ion_20170202192900_v4.1.0.cdf
mms/mms*/hpca/srvy/l2/ion,mms3_hpca_srvy_l2_ion_20221229120000_v4.3.4.cdf,76908745,gzip_compression+no_compression,no_compression,2515242169,3.467569,0.366561,archive/mms/mms3/hpca/srvy/l2/ion/2022/12/mms3_hpca_srvy_l2_ion_20221229120000_v4.3.4.cdf
mms/mms*/hpca/srvy/l2/ion,mms3_hpca_srvy_l2_ion_20221229120000_v4.3.4.cdf,76908745,gzip_compression+no_compression,gzip_compression,69461172,5.160949,0.559776,archive/mms/mms3/hpca/srvy/l2/ion/2022/12/mms3_hpca_srvy_l2_ion_20221229120000_v4.3.4.cdf
mms/mms*/hpca/srvy/l2/ion,mms3_hpca_srvy_l2_ion_20221229120000_v4.3.4.cdf,76908745,gzip_compression+no_compression,zstd_compression,61674177,0.583342,0.393183,archive/mms/mms3/hpca/srvy/l2/ion/2022/12/mms3_hpca_srvy_l2_ion_20221229120000_v4.3.4.cdf
mms/mms*/hpca/srvy/l2/ion,mms3_hpca_srvy_l2_ion_20221229120000_v4.3.4.cdf,76908745,gzip_compression+no_compression,blosc2_compression,54453427,3.655030,0.486477,archive/mms/mms3/hpca/srvy/l2/ion/2022/12/mms3_hpca_srvy_l2_ion_20221229120000_v4.3.4.cdf
mms/mms*/hpca/srvy/l2/ion,mms3_hpca_srvy_l2_ion_20221229120000_v4.3.4.cdf,76908745,gzip_compression+no_compression,blosc2_transposed_estimate,54320276,,,archive/mms/mms3/hpca/srvy/l2/ion/2022/12/mms3_hpca_srvy_l2_ion_20221229120000_v4.3.4.cdf
mms/mms*/feeps/brst/l2/electron,mms1_feeps_brst_l2_electron_20241013054943_v7.5.1.cdf,3637329,no_compression,no_compression,3618036,0.000834,0.000982,archive/mms/mms1/feeps/brst/l2/electron/2024/10/mms1_feeps_brst_l2_electron_20241013054943_v7.5.1.cdf
mms/mms*/feeps/brst/l2/electron,mms1_feeps_brst_l2_electron_20241013054943_v7.5.1.cdf,3637329,no_compression,gzip_compression,558145,0.014780,0.002188,archive/mms/mms1/feeps/brst/l2/electron/2024/10/mms1_feeps_brst_l2_electron_20241013054943_v7.5.1.cdf
mms/mms*/feeps/brst/l2/electron,mms1_feeps_brst_l2_electron_20241013054943_v7.5.1.cdf,3637329,no_compression,zstd_compression,604736,0.003969,0.002372,archive/mms/mms1/feeps/brst/l2/electron/2024/10/mms1_feeps_brst_l2_electron_20241013054943_v7.5.1.cdf
mms/mms*/feeps/brst/l2/electron,mms1_feeps_brst_l2_electron_20241013054943_v7.5.1.cdf,3637329,no_compression,blosc2_compression,1004781,0.035350,0.002840,archive/mms/mms1/feeps/brst/l2/electron/2024/10/mms1_feeps_brst_l2_electron_20241013054943_v7.5.1.cdf
mms/mms*/feeps/brst/l2/electron,mms1_feeps_brst_l2_electron_20241013054943_v7.5.1.cdf,3637329,no_compression,blosc2_transposed_estimate,1004781,,,archive/mms/mms1/feeps/brst/l2/electron/2024/10/mms1_feeps_brst_l2_electron_20241013054943_v7.5.1.cdf
mms/mms*/feeps/brst/l2/electron,mms3_feeps_brst_l2_electron_20230310151903_v7.2.1.cdf,3637329,no_compression,no_compression,3618036,0.000776,0.000933,archive/mms/mms3/feeps/brst/l2/electron/2023/03/mms3_feeps_brst_l2_electron_20230310151903_v7.2.1.cdf
mms/mms*/feeps/brst/l2/electron,mms3_feeps_brst_l2_electron_20230310151903_v7.2.1.cdf,3637329,no_compression,gzip_compression,985288,0.015136,0.002771,archive/mms/mms3/feeps/brst/l2/electron/2023/03/mms3_feeps_brst_l2_electron_20230310151903_v7.2.1.cdf
mms/mms*/feeps/brst/l2/electron,mms3_feeps_brst_l2_electron_20230310151903_v7.2.1.cdf,3637329,no_compression,zstd_compression,996833,0.004724,0.002500,archive/mms/mms3/feeps/brst/l2/electron/2023/03/mms3_feeps_brst_l2_electron_20230310151903_v7.2.1.cdf
mms/mms*/feeps/brst/l2/electron,mms3_feeps_brst_l2_electron_20230310151903_v7.2.1.cdf,3637329,no_compression,blosc2_compression,1449010,0.034145,0.003035,archive/mms/mms3/feeps/brst/l2/electron/2023/03/mms3_feeps_brst_l2_electron_20230310151903_v7.2.1.cdf
mms/mms*/feeps/brst/l2/electron,mms3_feeps_brst_l2_electron_20230310151903_v7.2.1.cdf,3637329,no_compression,blosc2_transposed_estimate,1449010,,,archive/mms/mms3/feeps/brst/l2/electron/2023/03/mms3_feeps_brst_l2_electron_20230310151903_v7.2.1.cdf
mms/mms*/feeps/srvy/l2/electron,mms1_feeps_srvy_l2_electron_20210323000000_v7.1.1.cdf,255264989,no_compression,no_compression,255245696,0.270227,0.042231,archive/mms/mms1/feeps/srvy/l2/electron/2021/03/mms1_feeps_srvy_l2_electron_20210323000000_v7.1.1.cdf
mms/mms*/feeps/srvy/l2/electron,mms1_feeps_srvy_l2_electron_20210323000000_v7.1.1.cdf,255264989,no_compression,gzip_compression,46423298,1.155989,0.138061,archive/mms/mms1/feeps/srvy/l2/electron/2021/03/mms1_feeps_srvy_l2_electron_20210323000000_v7.1.1.cdf
mms/mms*/feeps/srvy/l2/electron,mms1_feeps_srvy_l2_electron_20210323000000_v7.1.1.cdf,255264989,no_compression,zstd_compression,47313966,0.254339,0.111510,archive/mms/mms1/feeps/srvy/l2/electron/2021/03/mms1_feeps_srvy_l2_electron_20210323000000_v7.1.1.cdf
mms/mms*/feeps/srvy/l2/electron,mms1_feeps_srvy_l2_electron_20210323000000_v7.1.1.cdf,255264989,no_compression,blosc2_compression,73681217,1.807110,0.118330,archive/mms/mms1/feeps/srvy/l2/electron/2021/03/mms1_feeps_srvy_l2_electron_20210323000000_v7.1.1.cdf
mms/mms*/feeps/srvy/l2/electron,mms1_feeps_srvy_l2_electron_20210323000000_v7.1.1.cdf,255264989,no_compression,blosc2_transposed_estimate,73681217,,,archive/mms/mms1/feeps/srvy/l2/electron/2021/03/mms1_feeps_srvy_l2_electron_20210323000000_v7.1.1.cdf
aaa_groundbased/radiojove/cdf/aj4co_dps,radiojove_aj4co_dps_sps_20160611_v01.cdf,664830021,no_compression,no_compression,664829569,0.596442,0.076910,archive/aaa_groundbased/radiojove/cdf/aj4co_dps/2016/radiojove_aj4co_dps_sps_20160611_v01.cdf
aaa_groundbased/radiojove/cdf/aj4co_dps,radiojove_aj4co_dps_sps_20160611_v01.cdf,664830021,no_compression,gzip_compression,490388942,6.488873,1.372743,archive/aaa_groundbased/radiojove/cdf/aj4co_dps/2016/radiojove_aj4co_dps_sps_20160611_v01.cdf
aaa_groundbased/radiojove/cdf/aj4co_dps,radiojove_aj4co_dps_sps_20160611_v01.cdf,664830021,no_compression,zstd_compression,484314212,1.581616,0.723431,archive/aaa_groundbased/radiojove/cdf/aj4co_dps/2016/radiojove_aj4co_dps_sps_20160611_v01.cdf
aaa_groundbased/radiojove/cdf/aj4co_dps,radiojove_aj4co_dps_sps_20160611_v01.cdf,664830021,no_compression,blosc2_compression,403080967,10.298868,0.537847,archive/aaa_groundbased/radiojove/cdf/aj4co_dps/2016/radiojove_aj4co_dps_sps_20160611_v01.cdf
aaa_groundbased/radiojove/cdf/aj4co_dps,radiojove_aj4co_dps_sps_20160611_v01.cdf,664830021,no_compression,blosc2_transposed_estimate,390398419,,,archive/aaa_groundbased/radiojove/cdf/aj4co_dps/2016/radiojove_aj4co_dps_sps_20160611_v01.cdf
aaa_groundbased/radiojove/cdf/aj4co_dps,radiojove_aj4co_dps_sps_20220323_v01.cdf,664832750,no_compression,no_compression,664832279,0.614998,0.138386,archive/aaa_groundbased/radiojove/cdf/aj4co_dps/2022/radiojove_aj4co_dps_sps_20220323_v01.cdf
aaa_groundbased/radiojove/cdf/aj4co_dps,radiojove_aj4co_dps_sps_20220323_v01.cdf,664832750,no_compression,gzip_compression,491869495,6.550594,1.336811,archive/aaa_groundbased/radiojove/cdf/aj4co_dps/2022/radiojove_aj4co_dps_sps_20220323_v01.cdf
aaa_groundbased/radiojove/cdf/aj4co_dps,radiojove_aj4co_dps_sps_20220323_v01.cdf,664832750,no_compression,zstd_compression,487337459,1.591619,0.635369,archive/aaa_groundbased/radiojove/cdf/aj4co_dps/2022/radiojove_aj4co_dps_sps_20220323_v01.cdf
aaa_groundbased/radiojove/cdf/aj4co_dps,radiojove_aj4co_dps_sps_20220323_v01.cdf,664832750,no_compression,blosc2_compression,404146996,10.337229,0.540182,archive/aaa_groundbased/radiojove/cdf/aj4co_dps/2022/radiojove_aj4co_dps_sps_20220323_v01.cdf
aaa_groundbased/radiojove/cdf/aj4co_dps,radiojove_aj4co_dps_sps_20220323_v01.cdf,664832750,no_compression,blosc2_transposed_estimate,390494997,,,archive/aaa_groundbased/radiojove/cdf/aj4co_dps/2022/radiojove_aj4co_dps_sps_20220323_v01.cdf
polar/vis/vis_earth-camera-calibrated,po_vis_earth-camera-calibrated_1999110208_v01.cdf,54544124,gzip_compression+no_compression,no_compression,108894533,0.116089,0.019971,archive/polar/vis/vis_earth-camera-calibrated/1999/po_vis_earth-camera-calibrated_1999110208_v01.cdf
polar/vis/vis_earth-camera-calibrated,po_vis_earth-camera-calibrated_1999110208_v01.cdf,54544124,gzip_compression+no_compression,gzip_compression,53822137,0.737787,0.151115,archive/polar/vis/vis_earth-camera-calibrated/1999/po_vis_earth-camera-calibrated_1999110208_v01.cdf
polar/vis/vis_earth-camera-calibrated,po_vis_earth-camera-calibrated_1999110208_v01.cdf,54544124,gzip_compression+no_compression,zstd_compression,50815135,0.116469,0.057712,archive/polar/vis/vis_earth-camera-calibrated/1999/po_vis_earth-camera-calibrated_1999110208_v01.cdf
polar/vis/vis_earth-camera-calibrated,po_vis_earth-camera-calibrated_1999110208_v01.cdf,54544124,gzip_compression+no_compression,blosc2_compression,34542801,0.797175,0.052157,archive/polar/vis/vis_earth-camera-calibrated/1999/po_vis_earth-camera-calibrated_1999110208_v01.cdf
polar/vis/vis_earth-camera-calibrated,po_vis_earth-camera-calibrated_1999110208_v01.cdf,54544124,gzip_compression+no_compression,blosc2_transposed_estimate,33576709,,,archive/polar/vis/vis_earth-camera-calibrated/1999/po_vis_earth-camera-calibrated_1999110208_v01.cdf
polar/vis/vis_earth-camera-calibrated,po_vis_earth-camera-calibrated_2003050310_v01.cdf,49985127,gzip_compression+no_compression,no_compression,107123889,0.115149,0.011412,archive/polar/vis/vis_earth-camera-calibrated/2003/po_vis_earth-camera-calibrated_2003050310_v01.cdf
polar/vis/vis_earth-camera-calibrated,po_vis_earth-camera-calibrated_2003050310_v01.cdf,49985127,gzip_compression+no_compression,gzip_compression,48997171,0.690346,0.122628,archive/polar/vis/vis_earth-camera-calibrated/2003/po_vis_earth-camera-calibrated_2003050310_v01.cdf
polar/vis/vis_earth-camera-calibrated,po_vis_earth-camera-calibrated_2003050310_v01.cdf,49985127,gzip_compression+no_compression,zstd_compression,40832602,0.088805,0.044780,archive/polar/vis/vis_earth-camera-calibrated/2003/po_vis_earth-camera-calibrated_2003050310_v01.cdf
polar/vis/vis_earth-camera-calibrated,po_vis_earth-camera-calibrated_2003050310_v01.cdf,49985127,gzip_compression+no_compression,blosc2_compression,30245109,0.604235,0.041794,archive/polar/vis/vis_earth-camera-calibrated/2003/po_vis_earth-camera-calibrated_2003050310_v01.cdf
polar/vis/vis_earth-camera-calibrated,po_vis_earth-camera-calibrated_2003050310_v01.cdf,49985127,gzip_compression+no_compression,blosc2_transposed_estimate,29047871,,,archive/polar/vis/vis_earth-camera-calibrated/2003/po_vis_earth-camera-calibrated_2003050310_v01.cdf
maven/swea/l2/arc3d,mvn_swe_l2_arc3d_20191130_v05_r01.cdf,448758019,gzip_compression+no_compression,no_compression,1062012724,1.008494,0.188567,archive/maven/swea/l2/arc3d/2019/11/mvn_swe_l2_arc3d_20191130_v05_r01.cdf
maven/swea/l2/arc3d,mvn_swe_l2_arc3d_20191130_v05_r01.cdf,448758019,gzip_compression+no_compression,gzip_compression,441629706,7.480004,1.094854,archive/maven/swea/l2/arc3d/2019/11/mvn_swe_l2_arc3d_20191130_v05_r01.cdf
maven/swea/l2/arc3d,mvn_swe_l2_arc3d_20191130_v05_r01.cdf,448758019,gzip_compression+no_compression,zstd_compression,502681319,2.533756,0.810085,archive/maven/swea/l2/arc3d/2019/11/mvn_swe_l2_arc3d_20191130_v05_r01.cdf
maven/swea/l2/arc3d,mvn_swe_l2_arc3d_20191130_v05_r01.cdf,448758019,gzip_compression+no_compression,blosc2_compression,433652616,13.479094,0.702124,archive/maven/swea/l2/arc3d/2019/11/mvn_swe_l2_arc3d_20191130_v05_r01.cdf
maven/swea/l2/arc3d,mvn_swe_l2_arc3d_20191130_v05_r01.cdf,448758019,gzip_compression+no_compression,blosc2_transposed_estimate,391977501,,,archive/maven/swea/l2/arc3d/2019/11/mvn_swe_l2_arc3d_20191130_v05_r01.cdf
maven/swea/l2/arc3d,mvn_swe_l2_arc3d_20210425_v05_r01.cdf,514824079,gzip_compression+no_compression,no_compression,1062012724,1.008821,0.187935,archive/maven/swea/l2/arc3d/2021/04/mvn_swe_l2_arc3d_20210425_v05_r01.cdf
maven/swea/l2/arc3d,mvn_swe_l2_arc3d_20210425_v05_r01.cdf,514824079,gzip_compression+no_compression,gzip_compression,506814711,8.159169,1.250558,archive/maven/swea/l2/arc3d/2021/04/mvn_swe_l2_arc3d_20210425_v05_r01.cdf
maven/swea/l2/arc3d,mvn_swe_l2_arc3d_20210425_v05_r01.cdf,514824079,gzip_compression+no_compression,zstd_compression,506012773,2.557569,0.818560,archive/maven/swea/l2/arc3d/2021/04/mvn_swe_l2_arc3d_20210425_v05_r01.cdf
maven/swea/l2/arc3d,mvn_swe_l2_arc3d_20210425_v05_r01.cdf,514824079,gzip_compression+no_compression,blosc2_compression,451012110,14.030411,0.728348,archive/maven/swea/l2/arc3d/2021/04/mvn_swe_l2_arc3d_20210425_v05_r01.cdf
maven/swea/l2/arc3d,mvn_swe_l2_arc3d_20210425_v05_r01.cdf,514824079,gzip_compression+no_compression,blosc2_transposed_estimate,412317508,,,archive/maven/swea/l2/arc3d/2021/04/mvn_swe_l2_arc3d_20210425_v05_r01.cdf
twins/twins*/imgrec,twins1_imgrec_72sec_20110616_v01.cdf,262478698,gzip_compression+no_compression,no_compression,1485768009,1.395803,0.169570,archive/twins/twins1/imgrec/2011/twins1_imgrec_72sec_20110616_v01.cdf
twins/twins*/imgrec,twins1_imgrec_72sec_20110616_v01.cdf,262478698,gzip_compression+no_compression,gzip_compression,253197076,7.123483,0.901550,archive/twins/twins1/imgrec/2011/twins1_imgrec_72sec_20110616_v01.cdf
twins/twins*/imgrec,twins1_imgrec_72sec_20110616_v01.cdf,262478698,gzip_compression+no_compression,zstd_compression,266002045,1.422271,0.553137,archive/twins/twins1/imgrec/2011/twins1_imgrec_72sec_20110616_v01.cdf
twins/twins*/imgrec,twins1_imgrec_72sec_20110616_v01.cdf,262478698,gzip_compression+no_compression,blosc2_compression,227461377,4.913460,0.490750,archive/twins/twins1/imgrec/2011/twins1_imgrec_72sec_20110616_v01.cdf
twins/twins*/imgrec,twins1_imgrec_72sec_20110616_v01.cdf,262478698,gzip_compression+no_compression,blosc2_transposed_estimate,227461377,,,archive/twins/twins1/imgrec/2011/twins1_imgrec_72sec_20110616_v01.cdf
twins/twins*/imgrec,twins2_imgrec_72sec_20140215_v01.cdf,272589132,gzip_compression+no_compression,no_compression,880441737,0.808364,0.101303,archive/twins/twins2/imgrec/2014/twins2_imgrec_72sec_20140215_v01.cdf
twins/twins*/imgrec,twins2_imgrec_72sec_20140215_v01.cdf,272589132,gzip_compression+no_compression,gzip_compression,262792342,6.744354,0.775329,archive/twins/twins2/imgrec/2014/twins2_imgrec_72sec_20140215_v01.cdf
twins/twins*/imgrec,twins2_imgrec_72sec_20140215_v01.cdf,272589132,gzip_compression+no_compression,zstd_compression,284537127,1.342298,0.487225,archive/twins/twins2/imgrec/2014/twins2_imgrec_72sec_20140215_v01.cdf
twins/twins*/imgrec,twins2_imgrec_72sec_20140215_v01.cdf,272589132,gzip_compression+no_compression,blosc2_compression,243449408,3.846747,0.377185,archive/twins/twins2/imgrec/2014/twins2_imgrec_72sec_20140215_v01.cdf
twins/twins*/imgrec,twins2_imgrec_72sec_20140215_v01.cdf,272589132,gzip_compression+no_compression,blosc2_transposed_estimate,243408896,,,archive/twins/twins2/imgrec/2014/twins2_imgrec_72sec_20140215_v01.cdf
erg/pwe/wfc/l2/elect/spec/65khz,erg_pwe_wfc_l2_e_spec_65khz_2018082710_v01_01.cdf,23493446,gzip_compression+no_compression,no_compression,25271512,0.003258,0.002139,archive/erg/pwe/wfc/l2/elect/spec/65khz/2018/erg_pwe_wfc_l2_e_spec_65khz_2018082710_v01_01.cdf
erg/pwe/wfc/l2/elect/spec/65khz,erg_pwe_wfc_l2_e_spec_65khz_2018082710_v01_01.cdf,23493446,gzip_compression+no_compression,gzip_compression,23456795,0.235261,0.050263,archive/erg/pwe/wfc/l2/elect/spec/65khz/2018/erg_pwe_wfc_l2_e_spec_65khz_2018082710_v01_01.cdf
erg/pwe/wfc/l2/elect/spec/65khz,erg_pwe_wfc_l2_e_spec_65khz_2018082710_v01_01.cdf,23493446,gzip_compression+no_compression,zstd_compression,23478679,0.030967,0.018908,archive/erg/pwe/wfc/l2/elect/spec/65khz/2018/erg_pwe_wfc_l2_e_spec_65khz_2018082710_v01_01.cdf
erg/pwe/wfc/l2/elect/spec/65khz,erg_pwe_wfc_l2_e_spec_65khz_2018082710_v01_01.cdf,23493446,gzip_compression+no_compression,blosc2_compression,20003676,0.175675,0.008189,archive/erg/pwe/wfc/l2/elect/spec/65khz/2018/erg_pwe_wfc_l2_e_spec_65khz_2018082710_v01_01.cdf
erg/pwe/wfc/l2/elect/spec/65khz,erg_pwe_wfc_l2_e_spec_65khz_2018082710_v01_01.cdf,23493446,gzip_compression+no_compression,blosc2_transposed_estimate,20003676,,,archive/erg/pwe/wfc/l2/elect/spec/65khz/2018/erg_pwe_wfc_l2_e_spec_65khz_2018082710_v01_01.cdf
erg/pwe/wfc/l2/elect/spec/65khz,erg_pwe_wfc_l2_e_spec_65khz_2022110923_v01_01.cdf,23254303,gzip_compression+no_compression,no_compression,25271512,0.003417,0.001911,archive/erg/pwe/wfc/l2/elect/spec/65khz/2022/erg_pwe_wfc_l2_e_spec_65khz_2022110923_v01_01.cdf
erg/pwe/wfc/l2/elect/spec/65khz,erg_pwe_wfc_l2_e_spec_65khz_2022110923_v01_01.cdf,23254303,gzip_compression+no_compression,gzip_compression,23223476,0.232630,0.049987,archive/erg/pwe/wfc/l2/elect/spec/65khz/2022/erg_pwe_wfc_l2_e_spec_65khz_2022110923_v01_01.cdf
erg/pwe/wfc/l2/elect/spec/65khz,erg_pwe_wfc_l2_e_spec_65khz_2022110923_v01_01.cdf,23254303,gzip_compression+no_compression,zstd_compression,23271287,0.031133,0.019316,archive/erg/pwe/wfc/l2/elect/spec/65khz/2022/erg_pwe_wfc_l2_e_spec_65khz_2022110923_v01_01.cdf
erg/pwe/wfc/l2/elect/spec/65khz,erg_pwe_wfc_l2_e_spec_65khz_2022110923_v01_01.cdf,23254303,gzip_compression+no_compression,blosc2_compression,19344288,0.200720,0.008797,archive/erg/pwe/wfc/l2/elect/spec/65khz/2022/erg_pwe_wfc_l2_e_spec_65khz_2022110923_v01_01.cdf
erg/pwe/wfc/l2/elect/spec/65khz,erg_pwe_wfc_l2_e_spec_65khz_2022110923_v01_01.cdf,23254303,gzip_compression+no_compression,blosc2_transposed_estimate,19344288,,,archive/erg/pwe/wfc/l2/elect/spec/65khz/2022/erg_pwe_wfc_l2_e_spec_65khz_2022110923_v01_01.cdf
erg/pwe/wfc/l2/mag/spec/65khz,erg_pwe_wfc_l2_b_spec_65khz_2021050500_v01_02.cdf,23538913,gzip_compression+no_compression,no_compression,25264156,0.003423,0.002311,archive/erg/pwe/wfc/l2/mag/spec/65khz/2021/erg_pwe_wfc_l2_b_spec_65khz_2021050500_v01_02.cdf
erg/pwe/wfc/l2/mag/spec/65khz,erg_pwe_wfc_l2_b_spec_65khz_2021050500_v01_02.cdf,23538913,gzip_compression+no_compression,gzip_compression,23483704,0.225456,0.047167,archive/erg/pwe/wfc/l2/mag/spec/65khz/2021/erg_pwe_wfc_l2_b_spec_65khz_2021050500_v01_02.cdf
erg/pwe/wfc/l2/mag/spec/65khz,erg_pwe_wfc_l2_b_spec_65khz_2021050500_v01_02.cdf,23538913,gzip_compression+no_compression,zstd_compression,23458970,0.030851,0.018463,archive/erg/pwe/wfc/l2/mag/spec/65khz/2021/erg_pwe_wfc_l2_b_spec_65khz_2021050500_v01_02.cdf
erg/pwe/wfc/l2/mag/spec/65khz,erg_pwe_wfc_l2_b_spec_65khz_2021050500_v01_02.cdf,23538913,gzip_compression+no_compression,blosc2_compression,20396718,0.168397,0.008419,archive/erg/pwe/wfc/l2/mag/spec/65khz/2021/erg_pwe_wfc_l2_b_spec_65khz_2021050500_v01_02.cdf
erg/pwe/wfc/l2/mag/spec/65khz,erg_pwe_wfc_l2_b_spec_65khz_2021050500_v01_02.cdf,23538913,gzip_compression+no_compression,blosc2_transposed_estimate,20340585,,,archive/erg/pwe/wfc/l2/mag/spec/65khz/2021/erg_pwe_wfc_l2_b_spec_65khz_2021050500_v01_02.cdf
erg/pwe/wfc/l2/mag/spec/65khz,erg_pwe_wfc_l2_b_spec_65khz_2024102908_v01_01.cdf,23430382,gzip_compression+no_compression,no_compression,25264156,0.003581,0.001844,archive/erg/pwe/wfc/l2/mag/spec/65khz/2024/erg_pwe_wfc_l2_b_spec_65khz_2024102908_v01_01.cdf
erg/pwe/wfc/l2/mag/spec/65khz,erg_pwe_wfc_l2_b_spec_65khz_2024102908_v01_01.cdf,23430382,gzip_compression+no_compression,gzip_compression,23393297,0.227629,0.049324,archive/erg/pwe/wfc/l2/mag/spec/65khz/2024/erg_pwe_wfc_l2_b_spec_65khz_2024102908_v01_01.cdf
erg/pwe/wfc/l2/mag/spec/65khz,erg_pwe_wfc_l2_b_spec_65khz_2024102908_v01_01.cdf,23430382,gzip_compression+no_compression,zstd_compression,23391559,0.030057,0.018964,archive/erg/pwe/wfc/l2/mag/spec/65khz/2024/erg_pwe_wfc_l2_b_spec_65khz_2024102908_v01_01.cdf
erg/pwe/wfc/l2/mag/spec/65khz,erg_pwe_wfc_l2_b_spec_65khz_2024102908_v01_01.cdf,23430382,gzip_compression+no_compression,blosc2_compression,20320396,0.167389,0.008271,archive/erg/pwe/wfc/l2/mag/spec/65khz/2024/erg_pwe_wfc_l2_b_spec_65khz_2024102908_v01_01.cdf
erg/pwe/wfc/l2/mag/spec/65khz,erg_pwe_wfc_l2_b_spec_65khz_2024102908_v01_01.cdf,23430382,gzip_compression+no_compression,blosc2_transposed_estimate,20309081,,,archive/erg/pwe/wfc/l2/mag/spec/65khz/2024/erg_pwe_wfc_l2_b_spec_65khz_2024102908_v01_01.cdf
cluster/c*/wbd,c2_waveform_wbd_200712131000_v01.cdf,252145278,gzip_compression+no_compression,no_compression,856231607,0.792190,0.123618,archive/cluster/c2/wbd/2007/12/c2_waveform_wbd_200712131000_v01.cdf
cluster/c*/wbd,c2_waveform_wbd_200712131000_v01.cdf,252145278,gzip_compression+no_compression,gzip_compression,224141960,4.797628,0.779740,archive/cluster/c2/wbd/2007/12/c2_waveform_wbd_200712131000_v01.cdf
cluster/c*/wbd,c2_waveform_wbd_200712131000_v01.cdf,252145278,gzip_compression+no_compression,zstd_compression,278724450,1.220694,0.519566,archive/cluster/c2/wbd/2007/12/c2_waveform_wbd_200712131000_v01.cdf
cluster/c*/wbd,c2_waveform_wbd_200712131000_v01.cdf,252145278,gzip_compression+no_compression,blosc2_compression,89147978,2.180680,0.264036,archive/cluster/c2/wbd/2007/12/c2_waveform_wbd_200712131000_v01.cdf
cluster/c*/wbd,c2_waveform_wbd_200712131000_v01.cdf,252145278,gzip_compression+no_compression,blosc2_transposed_estimate,89147978,,,archive/cluster/c2/wbd/2007/12/c2_waveform_wbd_200712131000_v01.cdf
cluster/c*/wbd,c4_waveform_wbd_201401121050_v01.cdf,248429001,gzip_compression+no_compression,no_compression,856264939,0.763767,0.120579,archive/cluster/c4/wbd/2014/01/c4_waveform_wbd_201401121050_v01.cdf
cluster/c*/wbd,c4_waveform_wbd_201401121050_v01.cdf,248429001,gzip_compression+no_compression,gzip_compression,226013499,4.748157,0.766724,archive/cluster/c4/wbd/2014/01/c4_waveform_wbd_201401121050_v01.cdf
cluster/c*/wbd,c4_waveform_wbd_201401121050_v01.cdf,248429001,gzip_compression+no_compression,zstd_compression,267460002,1.267188,0.548643,archive/cluster/c4/wbd/2014/01/c4_waveform_wbd_201401121050_v01.cdf
cluster/c*/wbd,c4_waveform_wbd_201401121050_v01.cdf,248429001,gzip_compression+no_compression,blosc2_compression,79571023,2.068429,0.274115,archive/cluster/c4/wbd/2014/01/c4_waveform_wbd_201401121050_v01.cdf
cluster/c*/wbd,c4_waveform_wbd_201401121050_v01.cdf,248429001,gzip_compression+no_compression,blosc2_transposed_estimate,79571023,,,archive/cluster/c4/wbd/2014/01/c4_waveform_wbd_201401121050_v01.cdf
cluster/c*/efw/driftvelo_3dvect_fullreso_l2_inertialframe,c2_cp_efw_l2_v3d_inert_20070828_v20180501.cdf,58419777,gzip_compression+no_compression,no_compression,174774851,0.155737,0.029307,archive/cluster/c2/efw/driftvelo_3dvect_fullreso_l2_inertialframe/2007/c2_cp_efw_l2_v3d_inert_20070828_v20180501.cdf
cluster/c*/efw/driftvelo_3dvect_fullreso_l2_inertialframe,c2_cp_efw_l2_v3d_inert_20070828_v20180501.cdf,58419777,gzip_compression+no_compression,gzip_compression,19471791,0.685582,0.081857,archive/cluster/c2/efw/driftvelo_3dvect_fullreso_l2_inertialframe/2007/c2_cp_efw_l2_v3d_inert_20070828_v20180501.cdf
cluster/c*/efw/driftvelo_3dvect_fullreso_l2_inertialframe,c2_cp_efw_l2_v3d_inert_20070828_v20180501.cdf,58419777,gzip_compression+no_compression,zstd_compression,16959221,0.109249,0.063036,archive/cluster/c2/efw/driftvelo_3dvect_fullreso_l2_inertialframe/2007/c2_cp_efw_l2_v3d_inert_20070828_v20180501.cdf
cluster/c*/efw/driftvelo_3dvect_fullreso_l2_inertialframe,c2_cp_efw_l2_v3d_inert_20070828_v20180501.cdf,58419777,gzip_compression+no_compression,blosc2_compression,5021399,0.250561,0.059835,archive/cluster/c2/efw/driftvelo_3dvect_fullreso_l2_inertialframe/2007/c2_cp_efw_l2_v3d_inert_20070828_v20180501.cdf
cluster/c*/efw/driftvelo_3dvect_fullreso_l2_inertialframe,c2_cp_efw_l2_v3d_inert_20070828_v20180501.cdf,58419777,gzip_compression+no_compression,blosc2_transposed_estimate,5021399,,,archive/cluster/c2/efw/driftvelo_3dvect_fullreso_l2_inertialframe/2007/c2_cp_efw_l2_v3d_inert_20070828_v20180501.cdf
cluster/c*/efw/driftvelo_3dvect_fullreso_l2_inertialframe,c4_cp_efw_l2_v3d_inert_20080915_v20180409.cdf,50700862,gzip_compression+no_compression,no_compression,103121578,0.093672,0.013042,archive/cluster/c4/efw/driftvelo_3dvect_fullreso_l2_inertialframe/2008/c4_cp_efw_l2_v3d_inert_20080915_v20180409.cdf
cluster/c*/efw/driftvelo_3dvect_fullreso_l2_inertialframe,c4_cp_efw_l2_v3d_inert_20080915_v20180409.cdf,50700862,gzip_compression+no_compression,gzip_compression,28668951,0.678713,0.077241,archive/cluster/c4/efw/driftvelo_3dvect_fullreso_l2_inertialframe/2008/c4_cp_efw_l2_v3d_inert_20080915_v20180409.cdf
cluster/c*/efw/driftvelo_3dvect_fullreso_l2_inertialframe,c4_cp_efw_l2_v3d_inert_20080915_v20180409.cdf,50700862,gzip_compression+no_compression,zstd_compression,29103350,0.141491,0.065603,archive/cluster/c4/efw/driftvelo_3dvect_fullreso_l2_inertialframe/2008/c4_cp_efw_l2_v3d_inert_20080915_v20180409.cdf
cluster/c*/efw/driftvelo_3dvect_fullreso_l2_inertialframe,c4_cp_efw_l2_v3d_inert_20080915_v20180409.cdf,50700862,gzip_compression+no_compression,blosc2_compression,19674979,0.283990,0.034367,archive/cluster/c4/efw/driftvelo_3dvect_fullreso_l2_inertialframe/2008/c4_cp_efw_l2_v3d_inert_20080915_v20180409.cdf
cluster/c*/efw/driftvelo_3dvect_fullreso_l2_inertialframe,c4_cp_efw_l2_v3d_inert_20080915_v20180409.cdf,50700862,gzip_compression+no_compression,blosc2_transposed_estimate,19674979,,,archive/cluster/c4/efw/driftvelo_3dvect_fullreso_l2_inertialframe/2008/c4_cp_efw_l2_v3d_inert_20080915_v20180409.cdf
cluster/c*/efw/efield_2dvect_fullreso_l2,c2_cp_efw_l2_e_20041007_v20220820.cdf,44318716,gzip_compression+no_compression,no_compression,69124758,0.072687,0.005334,archive/cluster/c2/efw/efield_2dvect_fullreso_l2/2004/c2_cp_efw_l2_e_20041007_v20220820.cdf
cluster/c*/efw/efield_2dvect_fullreso_l2,c2_cp_efw_l2_e_20041007_v20220820.cdf,44318716,gzip_compression+no_compression,gzip_compression,21446856,0.483488,0.057930,archive/cluster/c2/efw/efield_2dvect_fullreso_l2/2004/c2_cp_efw_l2_e_20041007_v20220820.cdf
cluster/c*/efw/efield_2dvect_fullreso_l2,c2_cp_efw_l2_e_20041007_v20220820.cdf,44318716,gzip_compression+no_compression,zstd_compression,25094551,0.080852,0.040693,archive/cluster/c2/efw/efield_2dvect_fullreso_l2/2004/c2_cp_efw_l2_e_20041007_v20220820.cdf
cluster/c*/efw/efield_2dvect_fullreso_l2,c2_cp_efw_l2_e_20041007_v20220820.cdf,44318716,gzip_compression+no_compression,blosc2_compression,14711182,0.279109,0.025979,archive/cluster/c2/efw/efield_2dvect_fullreso_l2/2004/c2_cp_efw_l2_e_20041007_v20220820.cdf
cluster/c*/efw/efield_2dvect_fullreso_l2,c2_cp_efw_l2_e_20041007_v20220820.cdf,44318716,gzip_compression+no_compression,blosc2_transposed_estimate,14711182,,,archive/cluster/c2/efw/efield_2dvect_fullreso_l2/2004/c2_cp_efw_l2_e_20041007_v20220820.cdf
cluster/c*/efw/efield_2dvect_fullreso_l2,c3_cp_efw_l2_e_20040730_v20220813.cdf,44243378,gzip_compression+no_compression,no_compression,68696940,0.069662,0.005875,archive/cluster/c3/efw/efield_2dvect_fullreso_l2/2004/c3_cp_efw_l2_e_20040730_v20220813.cdf
cluster/c*/efw/efield_2dvect_fullreso_l2,c3_cp_efw_l2_e_20040730_v20220813.cdf,44243378,gzip_compression+no_compression,gzip_compression,20313467,0.501884,0.055649,archive/cluster/c3/efw/efield_2dvect_fullreso_l2/2004/c3_cp_efw_l2_e_20040730_v20220813.cdf
cluster/c*/efw/efield_2dvect_fullreso_l2,c3_cp_efw_l2_e_20040730_v20220813.cdf,44243378,gzip_compression+no_compression,zstd_compression,25592740,0.078677,0.040395,archive/cluster/c3/efw/efield_2dvect_fullreso_l2/2004/c3_cp_efw_l2_e_20040730_v20220813.cdf
cluster/c*/efw/efield_2dvect_fullreso_l2,c3_cp_efw_l2_e_20040730_v20220813.cdf,44243378,gzip_compression+no_compression,blosc2_compression,15937011,0.228257,0.022775,archive/cluster/c3/efw/efield_2dvect_fullreso_l2/2004/c3_cp_efw_l2_e_20040730_v20220813.cdf
cluster/c*/efw/efield_2dvect_fullreso_l2,c3_cp_efw_l2_e_20040730_v20220813.cdf,44243378,gzip_compression+no_compression,blosc2_transposed_estimate,15937011,,,archive/cluster/c3/efw/efield_2dvect_fullreso_l2/2004/c3_cp_efw_l2_e_20040730_v20220813.cdf
cluster/c*/sta/mfield_calibwaveform_gse,c1_cp_sta_cwf_gse_20130606_v20140620.cdf,63238633,gzip_compression+no_compression,no_compression,106177321,0.097221,0.059197,archive/cluster/c1/sta/mfield_calibwaveform_gse/2013/c1_cp_sta_cwf_gse_20130606_v20140620.cdf
cluster/c*/sta/mfield_calibwaveform_gse,c1_cp_sta_cwf_gse_20130606_v20140620.cdf,63238633,gzip_compression+no_compression,gzip_compression,41696293,0.657437,0.161131,archive/cluster/c1/sta/mfield_calibwaveform_gse/2013/c1_cp_sta_cwf_gse_20130606_v20140620.cdf
cluster/c*/sta/mfield_calibwaveform_gse,c1_cp_sta_cwf_gse_20130606_v20140620.cdf,63238633,gzip_compression+no_compression,zstd_compression,36796531,0.106161,0.116572,archive/cluster/c1/sta/mfield_calibwaveform_gse/2013/c1_cp_sta_cwf_gse_20130606_v20140620.cdf
cluster/c*/sta/mfield_calibwaveform_gse,c1_cp_sta_cwf_gse_20130606_v20140620.cdf,63238633,gzip_compression+no_compression,blosc2_compression,24578900,0.368070,0.090183,archive/cluster/c1/sta/mfield_calibwaveform_gse/2013/c1_cp_sta_cwf_gse_20130606_v20140620.cdf
cluster/c*/sta/mfield_calibwaveform_gse,c1_cp_sta_cwf_gse_20130606_v20140620.cdf,63238633,gzip_compression+no_compression,blosc2_transposed_estimate,24578900,,,archive/cluster/c1/sta/mfield_calibwaveform_gse/2013/c1_cp_sta_cwf_gse_20130606_v20140620.cdf
cluster/c*/sta/mfield_calibwaveform_gse,c3_cp_sta_cwf_gse_20100628_v20131001.cdf,63354774,gzip_compression+no_compression,no_compression,105604150,0.098890,0.058809,archive/cluster/c3/sta/mfield_calibwaveform_gse/2010/c3_cp_sta_cwf_gse_20100628_v20131001.cdf
cluster/c*/sta/mfield_calibwaveform_gse,c3_cp_sta_cwf_gse_20100628_v20131001.cdf,63354774,gzip_compression+no_compression,gzip_compression,40315441,0.703900,0.166970,archive/cluster/c3/sta/mfield_calibwaveform_gse/2010/c3_cp_sta_cwf_gse_20100628_v20131001.cdf
cluster/c*/sta/mfield_calibwaveform_gse,c3_cp_sta_cwf_gse_20100628_v20131001.cdf,63354774,gzip_compression+no_compression,zstd_compression,35588916,0.099679,0.109397,archive/cluster/c3/sta/mfield_calibwaveform_gse/2010/c3_cp_sta_cwf_gse_20100628_v20131001.cdf
cluster/c*/sta/mfield_calibwaveform_gse,c3_cp_sta_cwf_gse_20100628_v20131001.cdf,63354774,gzip_compression+no_compression,blosc2_compression,24169933,0.357616,0.088724,archive/cluster/c3/sta/mfield_calibwaveform_gse/2010/c3_cp_sta_cwf_gse_20100628_v20131001.cdf
cluster/c*/sta/mfield_calibwaveform_gse,c3_cp_sta_cwf_gse_20100628_v20131001.cdf,63354774,gzip_compression+no_compression,blosc2_transposed_estimate,24169933,,,archive/cluster/c3/sta/mfield_calibwaveform_gse/2010/c3_cp_sta_cwf_gse_20100628_v20131001.cdf
cluster/c*/wbd_bm2,c1_waveform_wbd_bm2_202107120020_v01.cdf,74672964,gzip_compression+no_compression,no_compression,63937305,1.558935,0.273246,archive/cluster/c1/wbd_bm2/2021/07/c1_waveform_wbd_bm2_202107120020_v01.cdf
cluster/c*/wbd_bm2,c1_waveform_wbd_bm2_202107120020_v01.cdf,74672964,gzip_compression+no_compression,gzip_compression,60765436,2.067778,0.349537,archive/cluster/c1/wbd_bm2/2021/07/c1_waveform_wbd_bm2_202107120020_v01.cdf
cluster/c*/wbd_bm2,c1_waveform_wbd_bm2_202107120020_v01.cdf,74672964,gzip_compression+no_compression,zstd_compression,77250243,0.953496,0.281092,archive/cluster/c1/wbd_bm2/2021/07/c1_waveform_wbd_bm2_202107120020_v01.cdf
cluster/c*/wbd_bm2,c1_waveform_wbd_bm2_202107120020_v01.cdf,74672964,gzip_compression+no_compression,blosc2_compression,21676777,0.910119,0.110019,archive/cluster/c1/wbd_bm2/2021/07/c1_waveform_wbd_bm2_202107120020_v01.cdf
cluster/c*/wbd_bm2,c1_waveform_wbd_bm2_202107120020_v01.cdf,74672964,gzip_compression+no_compression,blosc2_transposed_estimate,21676777,,,archive/cluster/c1/wbd_bm2/2021/07/c1_waveform_wbd_bm2_202107120020_v01.cdf
cluster/c*/wbd_bm2,c4_waveform_wbd_bm2_201906240250_v02.cdf,66827749,gzip_compression+no_compression,no_compression,55083515,1.471083,0.250525,archive/cluster/c4/wbd_bm2/2019/06/c4_waveform_wbd_bm2_201906240250_v02.cdf
cluster/c*/wbd_bm2,c4_waveform_wbd_bm2_201906240250_v02.cdf,66827749,gzip_compression+no_compression,gzip_compression,52155502,1.895881,0.318362,archive/cluster/c4/wbd_bm2/2019/06/c4_waveform_wbd_bm2_201906240250_v02.cdf
cluster/c*/wbd_bm2,c4_waveform_wbd_bm2_201906240250_v02.cdf,66827749,gzip_compression+no_compression,zstd_compression,74684388,0.958142,0.276746,archive/cluster/c4/wbd_bm2/2019/06/c4_waveform_wbd_bm2_201906240250_v02.cdf
cluster/c*/wbd_bm2,c4_waveform_wbd_bm2_201906240250_v02.cdf,66827749,gzip_compression+no_compression,blosc2_compression,23841978,0.798176,0.104241,archive/cluster/c4/wbd_bm2/2019/06/c4_waveform_wbd_bm2_201906240250_v02.cdf
cluster/c*/wbd_bm2,c4_waveform_wbd_bm2_201906240250_v02.cdf,66827749,gzip_compression+no_compression,blosc2_transposed_estimate,23841978,,,archive/cluster/c4/wbd_bm2/2019/06/c4_waveform_wbd_bm2_201906240250_v02.cdf
themis/th*/l2/scm,tha_l2_scm_20200317_v01.cdf,45110958,gzip_compression+no_compression,no_compression,57701961,0.028655,0.006340,archive/themis/tha/l2/scm/2020/tha_l2_scm_20200317_v01.cdf
themis/th*/l2/scm,tha_l2_scm_20200317_v01.cdf,45110958,gzip_compression+no_compression,gzip_compression,44015661,0.509280,0.095603,archive/themis/tha/l2/scm/2020/tha_l2_scm_20200317_v01.cdf
themis/th*/l2/scm,tha_l2_scm_20200317_v01.cdf,45110958,gzip_compression+no_compression,zstd_compression,43489239,0.101234,0.046581,archive/themis/tha/l2/scm/2020/tha_l2_scm_20200317_v01.cdf
themis/th*/l2/scm,tha_l2_scm_20200317_v01.cdf,45110958,gzip_compression+no_compression,blosc2_compression,36983675,0.288286,0.021477,archive/themis/tha/l2/scm/2020/tha_l2_scm_20200317_v01.cdf
themis/th*/l2/scm,tha_l2_scm_20200317_v01.cdf,45110958,gzip_compression+no_compression,blosc2_transposed_estimate,36983675,,,archive/themis/tha/l2/scm/2020/tha_l2_scm_20200317_v01.cdf
themis/th*/l2/scm,thd_l2_scm_20090625_v01.cdf,69968905,no_compression,no_compression,69965913,0.033739,0.018072,archive/themis/thd/l2/scm/2009/thd_l2_scm_20090625_v01.cdf
themis/th*/l2/scm,thd_l2_scm_20090625_v01.cdf,69968905,no_compression,gzip_compression,51947371,0.589399,0.113990,archive/themis/thd/l2/scm/2009/thd_l2_scm_20090625_v01.cdf
themis/th*/l2/scm,thd_l2_scm_20090625_v01.cdf,69968905,no_compression,zstd_compression,51450445,0.130804,0.055248,archive/themis/thd/l2/scm/2009/thd_l2_scm_20090625_v01.cdf
themis/th*/l2/scm,thd_l2_scm_20090625_v01.cdf,69968905,no_compression,blosc2_compression,43528600,0.381770,0.040711,archive/themis/thd/l2/scm/2009/thd_l2_scm_20090625_v01.cdf
themis/th*/l2/scm,thd_l2_scm_20090625_v01.cdf,69968905,no_compression,blosc2_transposed_estimate,43528600,,,archive/themis/thd/l2/scm/2009/thd_l2_scm_20090625_v01.cdf
fast/esa/l2/esv,fa_despun_esv_l2_19970228115155_02066_v02.cdf,77894634,no_compression+rle_compression,no_compression,77852755,0.258716,0.107591,archive/fast/esa/l2/esv/1997/02/fa_despun_esv_l2_19970228115155_02066_v02.cdf
fast/esa/l2/esv,fa_despun_esv_l2_19970228115155_02066_v02.cdf,77894634,no_compression+rle_compression,gzip_compression,38365327,0.848570,0.127313,archive/fast/esa/l2/esv/1997/02/fa_despun_esv_l2_19970228115155_02066_v02.cdf
fast/esa/l2/esv,fa_despun_esv_l2_19970228115155_02066_v02.cdf,77894634,no_compression+rle_compression,zstd_compression,37757224,0.211858,0.099534,archive/fast/esa/l2/esv/1997/02/fa_despun_esv_l2_19970228115155_02066_v02.cdf
fast/esa/l2/esv,fa_despun_esv_l2_19970228115155_02066_v02.cdf,77894634,no_compression+rle_compression,blosc2_compression,21790056,0.233068,0.033442,archive/fast/esa/l2/esv/1997/02/fa_despun_esv_l2_19970228115155_02066_v02.cdf
fast/esa/l2/esv,fa_despun_esv_l2_19970228115155_02066_v02.cdf,77894634,no_compression+rle_compression,blosc2_transposed_estimate,21785119,,,archive/fast/esa/l2/esv/1997/02/fa_despun_esv_l2_19970228115155_02066_v02.cdf
fast/esa/l2/esv,fa_despun_esv_l2_20020430005806_22658_v02.cdf,33234283,no_compression+rle_compression,no_compression,33182953,0.039047,0.021477,archive/fast/esa/l2/esv/2002/04/fa_despun_esv_l2_20020430005806_22658_v02.cdf
fast/esa/l2/esv,fa_despun_esv_l2_20020430005806_22658_v02.cdf,33234283,no_compression+rle_compression,gzip_compression,15532338,0.322250,0.049100,archive/fast/esa/l2/esv/2002/04/fa_despun_esv_l2_20020430005806_22658_v02.cdf
fast/esa/l2/esv,fa_despun_esv_l2_20020430005806_22658_v02.cdf,33234283,no_compression+rle_compression,zstd_compression,15112394,0.080250,0.038433,archive/fast/esa/l2/esv/2002/04/fa_despun_esv_l2_20020430005806_22658_v02.cdf
fast/esa/l2/esv,fa_despun_esv_l2_20020430005806_22658_v02.cdf,33234283,no_compression+rle_compression,blosc2_compression,7762202,0.128195,0.014670,archive/fast/esa/l2/esv/2002/04/fa_despun_esv_l2_20020430005806_22658_v02.cdf
fast/esa/l2/esv,fa_despun_esv_l2_20020430005806_22658_v02.cdf,33234283,no_compression+rle_compression,blosc2_transposed_estimate,7757387,,,archive/fast/esa/l2/esv/2002/04/fa_despun_esv_l2_20020430005806_22658_v02.cdf
rbsp/rbsp*/l2/emfisis/wfr/waveform-continuous-burst,rbsp-a_wfr-waveform-continuous-burst_emfisis-l2_20190120t11_v1.6.4.cdf,37437416,gzip_compression+no_compression,no_compression,142216144,0.133846,0.014625,archive/rbsp/rbspa/l2/emfisis/wfr/waveform-continuous-burst/2019/rbsp-a_wfr-waveform-continuous-burst_emfisis-l2_20190120t11_v1.6.4.cdf
rbsp/rbsp*/l2/emfisis/wfr/waveform-continuous-burst,rbsp-a_wfr-waveform-continuous-burst_emfisis-l2_20190120t11_v1.6.4.cdf,37437416,gzip_compression+no_compression,gzip_compression,39732851,1.785127,0.097814,archive/rbsp/rbspa/l2/emfisis/wfr/waveform-continuous-burst/2019/rbsp-a_wfr-waveform-continuous-burst_emfisis-l2_20190120t11_v1.6.4.cdf
rbsp/rbsp*/l2/emfisis/wfr/waveform-continuous-burst,rbsp-a_wfr-waveform-continuous-burst_emfisis-l2_20190120t11_v1.6.4.cdf,37437416,gzip_compression+no_compression,zstd_compression,44300588,0.354794,0.120729,archive/rbsp/rbspa/l2/emfisis/wfr/waveform-continuous-burst/2019/rbsp-a_wfr-waveform-continuous-burst_emfisis-l2_20190120t11_v1.6.4.cdf
rbsp/rbsp*/l2/emfisis/wfr/waveform-continuous-burst,rbsp-a_wfr-waveform-continuous-burst_emfisis-l2_20190120t11_v1.6.4.cdf,37437416,gzip_compression+no_compression,blosc2_compression,72067094,1.854894,0.138125,archive/rbsp/rbspa/l2/emfisis/wfr/waveform-continuous-burst/2019/rbsp-a_wfr-waveform-continuous-burst_emfisis-l2_20190120t11_v1.6.4.cdf
rbsp/rbsp*/l2/emfisis/wfr/waveform-continuous-burst,rbsp-a_wfr-waveform-continuous-burst_emfisis-l2_20190120t11_v1.6.4.cdf,37437416,gzip_compression+no_compression,blosc2_transposed_estimate,72067094,,,archive/rbsp/rbspa/l2/emfisis/wfr/waveform-continuous-burst/2019/rbsp-a_wfr-waveform-continuous-burst_emfisis-l2_20190120t11_v1.6.4.cdf
rbsp/rbsp*/l2/emfisis/wfr/waveform-continuous-burst,rbsp-b_wfr-waveform-continuous-burst_emfisis-l2_20160915t05_v1.6.4.cdf,41677840,gzip_compression+no_compression,no_compression,122162005,0.114376,0.013103,archive/rbsp/rbspb/l2/emfisis/wfr/waveform-continuous-burst/2016/rbsp-b_wfr-waveform-continuous-burst_emfisis-l2_20160915t05_v1.6.4.cdf
rbsp/rbsp*/l2/emfisis/wfr/waveform-continuous-burst,rbsp-b_wfr-waveform-continuous-burst_emfisis-l2_20160915t05_v1.6.4.cdf,41677840,gzip_compression+no_compression,gzip_compression,40603087,1.549095,0.095755,archive/rbsp/rbspb/l2/emfisis/wfr/waveform-continuous-burst/2016/rbsp-b_wfr-waveform-continuous-burst_emfisis-l2_20160915t05_v1.6.4.cdf
rbsp/rbsp*/l2/emfisis/wfr/waveform-continuous-burst,rbsp-b_wfr-waveform-continuous-burst_emfisis-l2_20160915t05_v1.6.4.cdf,41677840,gzip_compression+no_compression,zstd_compression,58387191,0.330577,0.105256,archive/rbsp/rbspb/l2/emfisis/wfr/waveform-continuous-burst/2016/rbsp-b_wfr-waveform-continuous-burst_emfisis-l2_20160915t05_v1.6.4.cdf
rbsp/rbsp*/l2/emfisis/wfr/waveform-continuous-burst,rbsp-b_wfr-waveform-continuous-burst_emfisis-l2_20160915t05_v1.6.4.cdf,41677840,gzip_compression+no_compression,blosc2_compression,71882394,1.415283,0.109078,archive/rbsp/rbspb/l2/emfisis/wfr/waveform-continuous-burst/2016/rbsp-b_wfr-waveform-continuous-burst_emfisis-l2_20160915t05_v1.6.4.cdf
rbsp/rbsp*/l2/emfisis/wfr/waveform-continuous-burst,rbsp-b_wfr-waveform-continuous-burst_emfisis-l2_20160915t05_v1.6.4.cdf,41677840,gzip_compression+no_compression,blosc2_transposed_estimate,71882394,,,archive/rbsp/rbspb/l2/emfisis/wfr/waveform-continuous-burst/2016/rbsp-b_wfr-waveform-continuous-burst_emfisis-l2_20160915t05_v1.6.4.cdf
rbsp/rbsp*/l1/efw/mscb1,rbspa_l1_mscb1_20130810_v02.cdf,298600907,gzip_compression+no_compression,no_compression,333244868,0.299466,0.037692,archive/rbsp/rbspa/l1/efw/mscb1/2013/rbspa_l1_mscb1_20130810_v02.cdf
rbsp/rbsp*/l1/efw/mscb1,rbspa_l1_mscb1_20130810_v02.cdf,298600907,gzip_compression+no_compression,gzip_compression,127721421,2.618983,0.332902,archive/rbsp/rbspa/l1/efw/mscb1/2013/rbspa_l1_mscb1_20130810_v02.cdf
rbsp/rbsp*/l1/efw/mscb1,rbspa_l1_mscb1_20130810_v02.cdf,298600907,gzip_compression+no_compression,zstd_compression,117743155,0.652366,0.249552,archive/rbsp/rbspa/l1/efw/mscb1/2013/rbspa_l1_mscb1_20130810_v02.cdf
rbsp/rbsp*/l1/efw/mscb1,rbspa_l1_mscb1_20130810_v02.cdf,298600907,gzip_compression+no_compression,blosc2_compression,54749436,1.545841,0.148268,archive/rbsp/rbspa/l1/efw/mscb1/2013/rbspa_l1_mscb1_20130810_v02.cdf
rbsp/rbsp*/l1/efw/mscb1,rbspa_l1_mscb1_20130810_v02.cdf,298600907,gzip_compression+no_compression,blosc2_transposed_estimate,54749436,,,archive/rbsp/rbspa/l1/efw/mscb1/2013/rbspa_l1_mscb1_20130810_v02.cdf
rbsp/rbsp*/l1/efw/mscb1,rbspb_l1_mscb1_20141002_v02.cdf,368947329,gzip_compression+no_compression,no_compression,427881953,0.378008,0.048149,archive/rbsp/rbspb/l1/efw/mscb1/2014/rbspb_l1_mscb1_20141002_v02.cdf
rbsp/rbsp*/l1/efw/mscb1,rbspb_l1_mscb1_20141002_v02.cdf,368947329,gzip_compression+no_compression,gzip_compression,149406450,3.463712,0.421672,archive/rbsp/rbspb/l1/efw/mscb1/2014/rbspb_l1_mscb1_20141002_v02.cdf
rbsp/rbsp*/l1/efw/mscb1,rbspb_l1_mscb1_20141002_v02.cdf,368947329,gzip_compression+no_compression,zstd_compression,103144717,0.882860,0.374809,archive/rbsp/rbspb/l1/efw/mscb1/2014/rbspb_l1_mscb1_20141002_v02.cdf
rbsp/rbsp*/l1/efw/mscb1,rbspb_l1_mscb1_20141002_v02.cdf,368947329,gzip_compression+no_compression,blosc2_compression,40398545,1.840511,0.187447,archive/rbsp/rbspb/l1/efw/mscb1/2014/rbspb_l1_mscb1_20141002_v02.cdf
rbsp/rbsp*/l1/efw/mscb1,rbspb_l1_mscb1_20141002_v02.cdf,368947329,gzip_compression+no_compression,blosc2_transposed_estimate,40398545,,,archive/rbsp/rbspb/l1/efw/mscb1/2014/rbspb_l1_mscb1_20141002_v02.cdf
rbsp/rbsp*/l1/efw/mscb1-split,rbspa_efw_l1_mscb1-split_20190226t033000_v03.cdf,9282352,gzip_compression+no_compression,no_compression,10158613,0.001021,0.000632,archive/rbsp/rbspa/l1/efw/mscb1-split/2019/rbspa_efw_l1_mscb1-split_20190226t033000_v03.cdf
rbsp/rbsp*/l1/efw/mscb1-split,rbspa_efw_l1_mscb1-split_20190226t033000_v03.cdf,9282352,gzip_compression+no_compression,gzip_compression,4021420,0.075650,0.009959,archive/rbsp/rbspa/l1/efw/mscb1-split/2019/rbspa_efw_l1_mscb1-split_20190226t033000_v03.cdf
rbsp/rbsp*/l1/efw/mscb1-split,rbspa_efw_l1_mscb1-split_20190226t033000_v03.cdf,9282352,gzip_compression+no_compression,zstd_compression,3542364,0.012763,0.005908,archive/rbsp/rbspa/l1/efw/mscb1-split/2019/rbspa_efw_l1_mscb1-split_20190226t033000_v03.cdf
rbsp/rbsp*/l1/efw/mscb1-split,rbspa_efw_l1_mscb1-split_20190226t033000_v03.cdf,9282352,gzip_compression+no_compression,blosc2_compression,1937334,0.057827,0.003286,archive/rbsp/rbspa/l1/efw/mscb1-split/2019/rbspa_efw_l1_mscb1-split_20190226t033000_v03.cdf
rbsp/rbsp*/l1/efw/mscb1-split,rbspa_efw_l1_mscb1-split_20190226t033000_v03.cdf,9282352,gzip_compression+no_compression,blosc2_transposed_estimate,1937334,,,archive/rbsp/rbspa/l1/efw/mscb1-split/2019/rbspa_efw_l1_mscb1-split_20190226t033000_v03.cdf
rbsp/rbsp*/l1/efw/mscb1-split,rbspb_efw_l1_mscb1-split_20190326t130000_v03.cdf,18295073,gzip_compression+no_compression,no_compression,20295538,0.003123,0.001404,archive/rbsp/rbspb/l1/efw/mscb1-split/2019/rbspb_efw_l1_mscb1-split_20190326t130000_v03.cdf
rbsp/rbsp*/l1/efw/mscb1-split,rbspb_efw_l1_mscb1-split_20190326t130000_v03.cdf,18295073,gzip_compression+no_compression,gzip_compression,6641473,0.156787,0.018281,archive/rbsp/rbspb/l1/efw/mscb1-split/2019/rbspb_efw_l1_mscb1-split_20190326t130000_v03.cdf
rbsp/rbsp*/l1/efw/mscb1-split,rbspb_efw_l1_mscb1-split_20190326t130000_v03.cdf,18295073,gzip_compression+no_compression,zstd_compression,5103259,0.028034,0.013765,archive/rbsp/rbspb/l1/efw/mscb1-split/2019/rbspb_efw_l1_mscb1-split_20190326t130000_v03.cdf
rbsp/rbsp*/l1/efw/mscb1-split,rbspb_efw_l1_mscb1-split_20190326t130000_v03.cdf,18295073,gzip_compression+no_compression,blosc2_compression,3187223,0.085746,0.006610,archive/rbsp/rbspb/l1/efw/mscb1-split/2019/rbspb_efw_l1_mscb1-split_20190326t130000_v03.cdf
rbsp/rbsp*/l1/efw/mscb1-split,rbspb_efw_l1_mscb1-split_20190326t130000_v03.cdf,18295073,gzip_compression+no_compression,blosc2_transposed_estimate,3187223,,,archive/rbsp/rbspb/l1/efw/mscb1-split/2019/rbspb_efw_l1_mscb1-split_20190326t130000_v03.cdf
rbsp/rbsp*/l1/efw/vb1,rbspa_l1_vb1_20180326_v02.cdf,297528723,gzip_compression+no_compression,no_compression,418894255,0.377580,0.047648,archive/rbsp/rbspa/l1/efw/vb1/2018/rbspa_l1_vb1_20180326_v02.cdf
rbsp/rbsp*/l1/efw/vb1,rbspa_l1_vb1_20180326_v02.cdf,297528723,gzip_compression+no_compression,gzip_compression,126541012,3.683540,0.394472,archive/rbsp/rbspa/l1/efw/vb1/2018/rbspa_l1_vb1_20180326_v02.cdf
rbsp/rbsp*/l1/efw/vb1,rbspa_l1_vb1_20180326_v02.cdf,297528723,gzip_compression+no_compression,zstd_compression,114510718,1.042929,0.367042,archive/rbsp/rbspa/l1/efw/vb1/2018/rbspa_l1_vb1_20180326_v02.cdf
rbsp/rbsp*/l1/efw/vb1,rbspa_l1_vb1_20180326_v02.cdf,297528723,gzip_compression+no_compression,blosc2_compression,46179553,2.538314,0.178823,archive/rbsp/rbspa/l1/efw/vb1/2018/rbspa_l1_vb1_20180326_v02.cdf
rbsp/rbsp*/l1/efw/vb1,rbspa_l1_vb1_20180326_v02.cdf,297528723,gzip_compression+no_compression,blosc2_transposed_estimate,46179553,,,archive/rbsp/rbspa/l1/efw/vb1/2018/rbspa_l1_vb1_20180326_v02.cdf
rbsp/rbsp*/l1/efw/vb1,rbspb_l1_vb1_20141129_v02.cdf,370975374,gzip_compression+no_compression,no_compression,556853869,0.498554,0.063087,archive/rbsp/rbspb/l1/efw/vb1/2014/rbspb_l1_vb1_20141129_v02.cdf
rbsp/rbsp*/l1/efw/vb1,rbspb_l1_vb1_20141129_v02.cdf,370975374,gzip_compression+no_compression,gzip_compression,146153512,5.493101,0.390130,archive/rbsp/rbspb/l1/efw/vb1/2014/rbspb_l1_vb1_20141129_v02.cdf
rbsp/rbsp*/l1/efw/vb1,rbspb_l1_vb1_20141129_v02.cdf,370975374,gzip_compression+no_compression,zstd_compression,108993522,1.111978,0.524692,archive/rbsp/rbspb/l1/efw/vb1/2014/rbspb_l1_vb1_20141129_v02.cdf
rbsp/rbsp*/l1/efw/vb1,rbspb_l1_vb1_20141129_v02.cdf,370975374,gzip_compression+no_compression,blosc2_compression,46189113,3.998322,0.221087,archive/rbsp/rbspb/l1/efw/vb1/2014/rbspb_l1_vb1_20141129_v02.cdf
rbsp/rbsp*/l1/efw/vb1,rbspb_l1_vb1_20141129_v02.cdf,370975374,gzip_compression+no_compression,blosc2_transposed_estimate,46189113,,,archive/rbsp/rbspb/l1/efw/vb1/2014/rbspb_l1_vb1_20141129_v02.cdf
rbsp/rbsp*/l1/efw/vb1-split,rbspa_efw_l1_vb1-split_20190402t081500_v03.cdf,9239719,gzip_compression+no_compression,no_compression,12922909,0.001829,0.000938,archive/rbsp/rbspa/l1/efw/vb1-split/2019/rbspa_efw_l1_vb1-split_20190402t081500_v03.cdf
rbsp/rbsp*/l1/efw/vb1-split,rbspa_efw_l1_vb1-split_20190402t081500_v03.cdf,9239719,gzip_compression+no_compression,gzip_compression,3973555,0.093838,0.018055,archive/rbsp/rbspa/l1/efw/vb1-split/2019/rbspa_efw_l1_vb1-split_20190402t081500_v03.cdf
rbsp/rbsp*/l1/efw/vb1-split,rbspa_efw_l1_vb1-split_20190402t081500_v03.cdf,9239719,gzip_compression+no_compression,zstd_compression,3523636,0.022213,0.010119,archive/rbsp/rbspa/l1/efw/vb1-split/2019/rbspa_efw_l1_vb1-split_20190402t081500_v03.cdf
rbsp/rbsp*/l1/efw/vb1-split,rbspa_efw_l1_vb1-split_20190402t081500_v03.cdf,9239719,gzip_compression+no_compression,blosc2_compression,1171407,0.065011,0.004037,archive/rbsp/rbspa/l1/efw/vb1-split/2019/rbspa_efw_l1_vb1-split_20190402t081500_v03.cdf
rbsp/rbsp*/l1/efw/vb1-split,rbspa_efw_l1_vb1-split_20190402t081500_v03.cdf,9239719,gzip_compression+no_compression,blosc2_transposed_estimate,1171407,,,archive/rbsp/rbspa/l1/efw/vb1-split/2019/rbspa_efw_l1_vb1-split_20190402t081500_v03.cdf
rbsp/rbsp*/l1/efw/vb1-split,rbspb_efw_l1_vb1-split_20130922t093000_v03.cdf,16242992,gzip_compression+no_compression,no_compression,25825139,0.005014,0.002109,archive/rbsp/rbspb/l1/efw/vb1-split/2013/rbspb_efw_l1_vb1-split_20130922t093000_v03.cdf
rbsp/rbsp*/l1/efw/vb1-split,rbspb_efw_l1_vb1-split_20130922t093000_v03.cdf,16242992,gzip_compression+no_compression,gzip_compression,4522015,0.219985,0.015185,archive/rbsp/rbspb/l1/efw/vb1-split/2013/rbspb_efw_l1_vb1-split_20130922t093000_v03.cdf
rbsp/rbsp*/l1/efw/vb1-split,rbspb_efw_l1_vb1-split_20130922t093000_v03.cdf,16242992,gzip_compression+no_compression,zstd_compression,3095602,0.044302,0.021765,archive/rbsp/rbspb/l1/efw/vb1-split/2013/rbspb_efw_l1_vb1-split_20130922t093000_v03.cdf
rbsp/rbsp*/l1/efw/vb1-split,rbspb_efw_l1_vb1-split_20130922t093000_v03.cdf,16242992,gzip_compression+no_compression,blosc2_compression,1511004,0.153116,0.007076,archive/rbsp/rbspb/l1/efw/vb1-split/2013/rbspb_efw_l1_vb1-split_20130922t093000_v03.cdf
rbsp/rbsp*/l1/efw/vb1-split,rbspb_efw_l1_vb1-split_20130922t093000_v03.cdf,16242992,gzip_compression+no_compression,blosc2_transposed_estimate,1511004,,,archive/rbsp/rbspb/l1/efw/vb1-split/2013/rbspb_efw_l1_vb1-split_20130922t093000_v03.cdf
timed/saber/level1b_cdf,timed_l1bv20_saber_201008311535_v01.cdf,11676659,gzip_compression+no_compression,no_compression,16841007,0.003732,0.001603,archive/timed/saber/level1b_cdf/2010/08/timed_l1bv20_saber_201008311535_v01.cdf
timed/saber/level1b_cdf,timed_l1bv20_saber_201008311535_v01.cdf,11676659,gzip_compression+no_compression,gzip_compression,11082806,0.131056,0.030564,archive/timed/saber/level1b_cdf/2010/08/timed_l1bv20_saber_201008311535_v01.cdf
timed/saber/level1b_cdf,timed_l1bv20_saber_201008311535_v01.cdf,11676659,gzip_compression+no_compression,zstd_compression,12336089,0.019318,0.012619,archive/timed/saber/level1b_cdf/2010/08/timed_l1bv20_saber_201008311535_v01.cdf
timed/saber/level1b_cdf,timed_l1bv20_saber_201008311535_v01.cdf,11676659,gzip_compression+no_compression,blosc2_compression,7169706,0.098827,0.005796,archive/timed/saber/level1b_cdf/2010/08/timed_l1bv20_saber_201008311535_v01.cdf
timed/saber/level1b_cdf,timed_l1bv20_saber_201008311535_v01.cdf,11676659,gzip_compression+no_compression,blosc2_transposed_estimate,7030312,,,archive/timed/saber/level1b_cdf/2010/08/timed_l1bv20_saber_201008311535_v01.cdf
timed/saber/level1b_cdf,timed_l1bv20_saber_201905280427_v01.cdf,11621695,gzip_compression+no_compression,no_compression,16841006,0.004058,0.001643,archive/timed/saber/level1b_cdf/2019/05/timed_l1bv20_saber_201905280427_v01.cdf
timed/saber/level1b_cdf,timed_l1bv20_saber_201905280427_v01.cdf,11621695,gzip_compression+no_compression,gzip_compression,10976315,0.131530,0.032278,archive/timed/saber/level1b_cdf/2019/05/timed_l1bv20_saber_201905280427_v01.cdf
timed/saber/level1b_cdf,timed_l1bv20_saber_201905280427_v01.cdf,11621695,gzip_compression+no_compression,zstd_compression,12337195,0.016385,0.009579,archive/timed/saber/level1b_cdf/2019/05/timed_l1bv20_saber_201905280427_v01.cdf
timed/saber/level1b_cdf,timed_l1bv20_saber_201905280427_v01.cdf,11621695,gzip_compression+no_compression,blosc2_compression,6963614,0.097841,0.005842,archive/timed/saber/level1b_cdf/2019/05/timed_l1bv20_saber_201905280427_v01.cdf
timed/saber/level1b_cdf,timed_l1bv20_saber_201905280427_v01.cdf,11621695,gzip_compression+no_compression,blosc2_transposed_estimate,6963410,,,archive/timed/saber/level1b_cdf/2019/05/timed_l1bv20_saber_201905280427_v01.cdf
